Module	Gene1	Gene2
M4	MME	VBP1
M4	MME	SPATA13
M4	MME	PCBP1
M4	MME	ERBB2
M4	MME	PTP4A1
M4	MME	FILIP1
M4	MME	PITX1
M4	MME	MAOB
M4	MME	WFDC3
M4	PRPF3	ATF3
M4	MED31	OLR1
M4	PMEPA1	ATF3
M4	MSL1	ACPP
M4	ITGB7	ALOX15B
M4	APBB1	ALAS2
M4	CCL4	SLC25A3
M4	CCL4	ITGAL
M4	CCL4	CNOT6L
M4	CCL4	SERPINE2
M4	CCL4	RBBP8
M4	CCL4	KIFC1
M4	CCL4	ERBB2
M4	CCL4	PTP4A1
M4	CCL4	PRKAB2
M4	CCL4	SIPA1L3
M4	CCL4	DGCR14
M4	CCL4	CBLC
M4	CCL4	CCDC113
M4	CCL4	RPUSD3
M4	CCL4	TNKS
M4	SCIN	GJD4
M4	SCIN	CCNF
M4	SCIN	PPP1R10
M4	CLEC17A	MEST
M4	CLEC17A	ASB12
M4	CLEC17A	TYR
M4	CLEC17A	KCNIP2
M4	CLEC17A	SLC3A2
M4	CLEC17A	DEK
M4	CLEC17A	PTP4A1
M4	CLEC17A	SIPA1L3
M4	CLEC17A	GPR12
M4	CLEC17A	TOMM70A
M4	CLEC17A	TCF3
M4	CLEC17A	DGCR14
M4	CLEC17A	PARP10
M4	CLEC17A	MT1E
M4	CLEC17A	P4HB
M4	CLEC17A	SFTPC
M4	CLEC17A	SLC9A5
M4	CLEC17A	RBFOX3
M4	CLEC17A	AARS2
M4	CLEC17A	HDHD2
M4	NPPC	PRF1
M4	NPPC	AQP9
M4	RGS1	GIPC1
M4	RGS1	PTP4A1
M4	RGS1	FCGR2B
M4	RGS1	EPS8L2
M4	RGS1	CD99
M4	CDK3	PRF1
M4	CDK3	NNMT
M4	PITPNC1	OLR1
M4	DENND5A	ATF3
M4	LYVE1	HRH3
M4	LYVE1	AKAP11
M4	LYVE1	MTFR2
M4	LYVE1	ZADH2
M4	LYVE1	MSRB1
M4	LYVE1	TLE4
M4	LYVE1	PTP4A1
M4	LYVE1	RASD1
M4	LYVE1	RSL1D1
M4	LYVE1	SVIP
M4	LYVE1	L3MBTL1
M4	LYVE1	SFTPC
M4	LYVE1	RRP1
M4	OSM	WAPAL
M4	OSM	TDRD7
M4	OSM	HAO2
M4	OSM	TARBP2
M4	OSM	ZNF131
M4	OSM	FZD4
M4	OSM	MPPED1
M4	OSM	PTP4A1
M4	OSM	FBL
M4	OSM	CISH
M4	OSM	SNED1
M4	OSM	TINAGL1
M4	OSM	TAPBP
M4	OSM	DPYSL3
M4	OSM	HRAS
M4	OSM	CALB1
M4	OSM	FOLR3
M4	OSM	ANKRD44
M4	OSM	FAM46C
M4	OSM	MAP3K1
M4	OSM	PDE8B
M4	OSM	MORN2
M4	OSM	TUBB3
M4	OSM	HMMR
M4	OSM	CTSK
M4	OSM	POU3F4
M4	ZC3H13	ALOX15B
M4	FCGR2A	AQP9
M4	CSNK1G2	OLR1
M4	DUSP4	TNFRSF11B
M4	KDM6B	ATF3
M4	DARC	ALOX15B
M4	MTRF1	ALOX15B
M4	IL21R	NCL
M4	IL21R	DEK
M4	IL21R	PTP4A1
M4	IL21R	SFTPC
M4	IL21R	PGD
M4	IL21R	CREBL2
M4	MEF2A	NNMT
M4	SOCS3	TOP1MT
M4	SOCS3	GHR
M4	SOCS3	RPS21
M4	SOCS3	EPOR
M4	SOCS3	PSD3
M4	SOCS3	DOCK4
M4	SOCS3	PTP4A1
M4	SOCS3	SNCAIP
M4	SOCS3	SELPLG
M4	SOCS3	MAGT1
M4	BCL2A1	PMP22
M4	BCL2A1	RASSF1
M4	BCL2A1	UMOD
M4	BCL2A1	CD247
M4	BCL2A1	CDKN2A
M4	BCL2A1	DCBLD1
M4	BCL2A1	FABP1
M4	BCL2A1	SCGB3A2
M4	BCL2A1	TRIM35
M4	ADH5	TNFRSF11B
M4	HSF1	ALOX15B
M4	HSF1	RAMP1
M4	ISG15	PTP4A1
M4	ISG15	PIGM
M4	LYPD6B	AQP9
M4	TUBB2A	EGR2
M4	CDKN3	PRF1
M4	CDKN3	C7
M4	KYNU	UPK3A
M4	KYNU	GET4
M4	KYNU	TUBA1B
M4	KYNU	TPSAB1
M4	KYNU	RPLP0
M4	KYNU	GRTP1
M4	KYNU	SERPINC1
M4	KYNU	KDELC1
M4	KYNU	SPAG16
M4	IL6	PTP4A1
M4	IL6	PRKAB2
M4	IL6	SIPA1L3
M4	IL6	RIC8A
M4	IL6	DGCR14
M4	IL6	SFTPC
M4	IL6	ASB17
M4	F13A1	DNAJB2
M4	F13A1	TARBP2
M4	F13A1	EXOSC3
M4	F13A1	DMPK
M4	F13A1	PCBP1
M4	F13A1	PTP4A1
M4	F13A1	HOXB9
M4	F13A1	NCAPG
M4	F13A1	FAU
M4	F13A1	SNX3
M4	F13A1	UPP1
M4	F13A1	CSRP2BP
M4	F13A1	GORASP1
M4	F13A1	ROS1
M4	F13A1	SPAG7
M4	F13A1	PPM1D
M4	F13A1	WDR26
M4	F13A1	FOLR3
M4	F13A1	JAGN1
M4	F13A1	NOC2L
M4	F13A1	MAGT1
M4	F13A1	NDRG2
M4	F13A1	MLLT11
M4	F13A1	GRAP2
M4	F13A1	USP2
M4	F13A1	ISG20
M4	PAX8	RLBP1
M4	PAX8	PTP4A1
M4	PAX8	FOLR3
M4	PAX8	KPTN
M4	TNFRSF11B	NPY1R
M4	TNFRSF11B	PDCD6
M4	TNFRSF11B	HIST1H4E
M4	TNFRSF11B	CTDP1
M4	TNFRSF11B	CCL7
M4	TNFRSF11B	BRCA2
M4	TNFRSF11B	NCAN
M4	TNFRSF11B	VBP1
M4	TNFRSF11B	IGFALS
M4	TNFRSF11B	ERBB2
M4	TNFRSF11B	PRKAB2
M4	TNFRSF11B	UNKL
M4	TNFRSF11B	DRAP1
M4	TNFRSF11B	PPIF
M4	TNFRSF11B	UBE4A
M4	TNFRSF11B	MAGI1
M4	TNFRSF11B	C8B
M4	TNFRSF11B	CACNG2
M4	TNFRSF11B	SMARCA5
M4	TNFRSF11B	GNG5
M4	TNFRSF11B	P4HA2
M4	TNFRSF11B	AKIP1
M4	TNFRSF11B	SLC6A12
M4	TNFRSF11B	TXLNA
M4	TNFRSF11B	YWHAB
M4	TNFRSF11B	PGD
M4	TNFRSF11B	UTS2R
M4	TNFRSF11B	ZNF383
M4	TNFRSF11B	GOT1
M4	TNFRSF11B	RSPO1
M4	TNFRSF11B	RSPO4
M4	TNFRSF11B	MBIP
M4	TNFRSF11B	TMED9
M4	TNFRSF11B	RBM47
M4	TNFRSF11B	GRPEL1
M4	TNFRSF11B	CREBL2
M4	TNFRSF11B	SLC19A3
M4	ACVRL1	CR1
M4	GSTM1	CCL5
M4	GSTM1	HOMER1
M4	GSTM1	BCAP29
M4	GSTM1	CHCHD4
M4	GSTM1	PTP4A1
M4	GSTM1	TAPBP
M4	GSTM1	PPL
M4	GSTM1	NOLC1
M4	GSTM1	PBK
M4	GSTM1	PTN
M4	GSTM1	RBM15B
M4	GSTM1	CCDC23
M4	GSTM1	H2BFM
M4	GSTM1	DNTTIP1
M4	GSTM1	TRIM71
M4	GSTM1	SLC37A4
M4	GSTM1	YAE1D1
M4	GSTM1	DCAF6
M4	GSTM1	CSNK2B
M4	GSTM1	ADAM2
M4	GSTM1	LINGO1
M4	GSTM1	ADPRM
M4	GSTM1	IVD
M4	GSTM1	DUSP21
M4	CITED4	REV1
M4	CITED4	TARBP2
M4	CITED4	TPI1
M4	CITED4	SKI
M4	CITED4	HPRT1
M4	CITED4	GATA5
M4	CITED4	IGFALS
M4	CITED4	KLHDC9
M4	CITED4	MPPED1
M4	CITED4	PTP4A1
M4	CITED4	PTK2
M4	CITED4	CSRP3
M4	CITED4	RAB5B
M4	CITED4	C18orf32
M4	CITED4	SMTN
M4	CITED4	RFXAP
M4	CITED4	RAB13
M4	CITED4	APBB1IP
M4	CITED4	MAST1
M4	CITED4	CBLL1
M4	CITED4	ATXN1L
M4	CITED4	LHX2
M4	CITED4	POF1B
M4	CITED4	DNAJB9
M4	CITED4	FAS
M4	CITED4	UBE2R2
M4	CITED4	WDR26
M4	CITED4	CDCA4
M4	CITED4	SERPINB5
M4	CITED4	BAZ1A
M4	CITED4	NRXN1
M4	CITED4	INO80
M4	CITED4	BCL2L11
M4	CITED4	RAB36
M4	CITED4	IDH3B
M4	CITED4	PDE6B
M4	CITED4	SGMS2
M4	CITED4	COL10A1
M4	CITED4	SLC34A3
M4	CITED4	MNT
M4	CITED4	ZNF528
M4	EME2	EGR2
M4	RPS6KC1	IL1RN
M4	NLGN2	CR1
M4	SECTM1	CLDN5
M4	SECTM1	DAB1
M4	SECTM1	ENG
M4	SECTM1	PHACTR4
M4	SECTM1	POLR1D
M4	SECTM1	ADRB2
M4	SECTM1	ERBB2
M4	SECTM1	AHRR
M4	SECTM1	PTP4A1
M4	SECTM1	GJD4
M4	SECTM1	CBLL1
M4	SECTM1	GSPT1
M4	SECTM1	PFKFB2
M4	SECTM1	RECQL
M4	SECTM1	RPS17
M4	SECTM1	PXMP2
M4	SECTM1	ADAM22
M4	SECTM1	PRR5L
M4	SECTM1	NF2
M4	SECTM1	SRP72
M4	SECTM1	GRM4
M4	SECTM1	PSMC3IP
M4	SECTM1	SLC25A15
M4	SECTM1	EEF1G
M4	ZBTB17	CD163
M4	ZBTB17	IL2RB
M4	VPS37B	ZFP36
M4	VPS37B	ALAS2
M4	GABRA1	IL2RB
M4	C9orf89	TREM1
M4	TLN1	EGR2
M4	NPRL3	C7
M4	NIT1	LTF
M4	STAT3	PRF1
M4	STAT3	OLR1
M4	SHE	SIGLEC1
M4	CDH5	FOSB
M4	COX6C	CR1
M4	HACE1	OASL
M4	CCL3	PTP4A1
M4	CCL3	UTY
M4	CCL3	BTBD3
M4	CCL3	FOLR3
M4	RNF217	LTF
M4	IRF4	GCGR
M4	IRF4	SBDS
M4	IRF4	PTP4A1
M4	IRF4	CACYBP
M4	IRF4	EPN2
M4	IRF4	PSMD11
M4	IRF4	HAO1
M4	IRF4	LTBP4
M4	IRF4	CDK14
M4	IRF4	NLK
M4	IRF4	PIP4K2B
M4	IRF4	MARCH8
M4	IRF4	TSPAN7
M4	MFAP2	PAX3
M4	ATP6V0A4	PRF1
M4	ATP6V0A4	CALCR
M4	COPA	IL2RB
M4	TRAF5	ALOX15B
M4	RPL22	EGF
M4	GJA9	EGF
M4	STEAP4	CD247
M4	STEAP4	CLDN5
M4	STEAP4	EGF
M4	STEAP4	NEU1
M4	STEAP4	PTP4A1
M4	STEAP4	EVA1C
M4	STEAP4	NUP107
M4	STEAP4	APOBEC3G
M4	STEAP4	PRTN3
M4	TLR8	ITGA8
M4	TLR8	NAV2
M4	TLR8	ID2
M4	TLR8	DOCK4
M4	TLR8	TXNL1
M4	TLR8	PPAP2B
M4	TLR8	KIFC1
M4	TLR8	KDM3A
M4	TLR8	CIZ1
M4	TLR8	TMED1
M4	TLR8	KLHDC9
M4	TLR8	HPR
M4	TLR8	PTP4A1
M4	TLR8	TAPBP
M4	TLR8	SLC1A1
M4	TLR8	CSPG4
M4	TLR8	GJD4
M4	TLR8	TBC1D16
M4	TLR8	TEP1
M4	TLR8	PPL
M4	TLR8	TAF7L
M4	TLR8	OMG
M4	TLR8	MAP7D3
M4	TLR8	FGF8
M4	TLR8	S100A13
M4	TLR8	PSMB7
M4	TLR8	TP53BP2
M4	TLR8	DBF4
M4	TLR8	EBF2
M4	TLR8	UBE2H
M4	TLR8	ANAPC7
M4	TLR8	KIAA1524
M4	TLR8	COL10A1
M4	TLR8	TNFAIP8L2
M4	TLR8	HECTD2
M4	TLR8	EML3
M4	TLR8	OTC
M4	CDC42BPG	CRYBB1
M4	CDC42BPG	AQP9
M4	FES	EGF
M4	CBX1	EGF
M4	PTPN1	CD14
M4	BIRC2	EGF
M4	BIRC2	CRYBB1
M4	CYR61	CHMP2A
M4	CYR61	PTP4A1
M4	CYR61	IVNS1ABP
M4	CYR61	RBM12
M4	VSX2	C7
M4	SIRPB1	CEP97
M4	SIRPB1	ITGB6
M4	SIRPB1	HEMGN
M4	SIRPB1	PLK1
M4	HIST1H4K	EGF
M4	HCN3	OASL
M4	PSD2	EGF
M4	BST2	EGF
M4	EVI5	EGF
M4	HK3	DCAF17
M4	HK3	TTLL5
M4	HK3	RSPH10B
M4	MX1	LTF
M4	CYP2C9	EGF
M4	NLRP2	PTP4A1
M4	NLRP2	LDHA
M4	NLRP2	UPK1A
M4	NLRP2	ABCF2
M4	NLRP2	SIRPA
M4	HRH3	EGF
M4	HRH3	DOK2
M4	PLEKHA8	EGF
M4	ADRA2B	EGR2
M4	ADRA2B	NNMT
M4	POMC	IRAK1
M4	POMC	MRGBP
M4	POMC	CD53
M4	POMC	PCGF2
M4	POMC	PCNT
M4	POMC	NUP43
M4	POMC	CCDC53
M4	POMC	C19orf60
M4	POMC	SERPINA1
M4	POMC	BOP1
M4	POMC	ZNF480
M4	POMC	BAHCC1
M4	POMC	MED12
M4	POMC	ARHGAP19
M4	POMC	TNFSF10
M4	POMC	MKKS
M4	POMC	RPF2
M4	POMC	C14orf166
M4	POMC	TCN1
M4	POMC	PDGFRB
M4	POMC	ETV7
M4	POMC	SLC7A2
M4	POMC	LYN
M4	POMC	NRXN2
M4	POMC	DCTN3
M4	POMC	DNAH9
M4	POMC	TRIML1
M4	UPK2	SERPINA5
M4	UPK2	PRF1
M4	UPK2	RNASE2
M4	CCL7	EGF
M4	CCL7	EGR2
M4	RSAD2	RASGRF1
M4	RSAD2	TPH2
M4	RSAD2	FICD
M4	RSAD2	RNF32
M4	RSAD2	PSMD4
M4	RSAD2	SLC26A8
M4	RSAD2	MMP1
M4	RSAD2	CCBL1
M4	RSAD2	CKAP2L
M4	MRC1	EFNA1
M4	MRC1	PIWIL2
M4	MRC1	PRF1
M4	MRC1	PTP4A1
M4	MRC1	DCAF11
M4	MRC1	DNAJC6
M4	MRC1	NSF
M4	MRC1	CTDSP2
M4	MRC1	RAD51D
M4	GNA12	IL2RB
M4	XIAP	CR1
M4	LNP1	EGF
M4	APTX	EFEMP1
M4	APTX	OASL
M4	RNF151	CALCR
M4	SERPINA3	KPNA3
M4	SERPINA3	PTP4A1
M4	SERPINA3	SLC12A2
M4	SERPINA3	LATS1
M4	SERPINA3	SDHB
M4	SERPINA3	EIF4B
M4	SERPINA3	KDM5B
M4	SERPINA3	ABCG8
M4	SERPINA3	APBB1IP
M4	SERPINA3	CASP8
M4	SERPINA3	SGCE
M4	SERPINA3	HIST2H2AA4
M4	SERPINA3	FIGF
M4	SERPINA3	HSPA2
M4	SERPINA3	RIMS4
M4	SERPINA3	RSPO1
M4	SERPINA3	SRCIN1
M4	SERPINA3	TCP11L1
M4	SERPINA3	CHORDC1
M4	SERPINA3	MLNR
M4	SERPINA3	PI4K2B
M4	SERPINA3	EPHA2
M4	SERPINA3	CCDC158
M4	SERPINA3	CSN1S1
M4	SERPINA3	GIMAP8
M4	UMOD	S100A9
M4	PYY	IL1RN
M4	APOB	ATF3
M4	APOB	C7
M4	KSR2	PRF1
M4	KSR2	CD14
M4	GALNT4	SERPINF1
M4	GALNT4	RAMP1
M4	ALYREF	EGF
M4	SPARC	CXCR2
M4	LRPPRC	HLA-DQB2
M4	WAPAL	PRF1
M4	IRF6	IRAK1
M4	IRF6	PLTP
M4	IRF6	CIC
M4	IRF6	RPL36AL
M4	IRF6	SPHK2
M4	IRF6	ITSN2
M4	IRF6	EIF3L
M4	IRF6	PPAP2B
M4	IRF6	CEP57
M4	IRF6	TCF21
M4	IRF6	KDM3A
M4	IRF6	PTP4A1
M4	IRF6	MAD2L2
M4	IRF6	IFNAR1
M4	IRF6	PDLIM5
M4	IRF6	RBM11
M4	IRF6	TBC1D4
M4	IRF6	SERPINA12
M4	IRF6	NCK1
M4	IRF6	HSPA2
M4	IRF6	BAIAP2L1
M4	IRF6	PCM1
M4	IRF6	ATXN1
M4	IRF6	MEOX1
M4	TDRD7	PRF1
M4	MEST	EGF
M4	CLIC5	EGF
M4	MED13L	SERPINF1
M4	MED13L	SERPINA5
M4	MED13L	ALAS2
M4	TRIM22	PRF1
M4	TRIM22	C7
M4	KRT26	EFEMP1
M4	KRT26	EGF
M4	SCTR	LTF
M4	ADRA2A	EFEMP1
M4	ALOX15B	FBXW11
M4	ALOX15B	DNAJC11
M4	ALOX15B	HOOK2
M4	ALOX15B	CDH1
M4	ALOX15B	RPL8
M4	ALOX15B	CCP110
M4	ALOX15B	PTP4A1
M4	ALOX15B	PRKAB2
M4	ALOX15B	CENPF
M4	ALOX15B	HSD17B4
M4	ALOX15B	YOD1
M4	ALOX15B	SDHA
M4	ALOX15B	SLC45A1
M4	ALOX15B	RPS6KA4
M4	ALOX15B	SCFD2
M4	ALOX15B	NPR2
M4	ALOX15B	ZNF532
M4	ALOX15B	MAP1LC3B
M4	ALOX15B	ARID4A
M4	ALOX15B	PGAM5
M4	SERPINF1	ITGA8
M4	SERPINF1	NAV2
M4	SERPINF1	GIT1
M4	SERPINF1	CTSH
M4	SERPINF1	DYNC2H1
M4	SERPINF1	CD209
M4	SERPINF1	BRCA2
M4	SERPINF1	NEGR1
M4	SERPINF1	SCAND1
M4	SERPINF1	DVL3
M4	SERPINF1	TNFRSF10D
M4	SERPINF1	ID2
M4	SERPINF1	GNG11
M4	SERPINF1	SKA3
M4	SERPINF1	LAMTOR5
M4	SERPINF1	NR2C2AP
M4	SERPINF1	DNAJA3
M4	SERPINF1	CSF2
M4	SERPINF1	SNRNP27
M4	SERPINF1	CD163
M4	SERPINF1	SPOCD1
M4	SERPINF1	FYCO1
M4	SERPINF1	HOXD12
M4	SERPINF1	PSMB9
M4	SERPINF1	MED30
M4	SERPINF1	SLC3A2
M4	SERPINF1	TXNL1
M4	SERPINF1	PPAP2B
M4	SERPINF1	CLCN3
M4	SERPINF1	SERPINB8
M4	SERPINF1	TCF21
M4	SERPINF1	F10
M4	SERPINF1	GATA5
M4	SERPINF1	PFN2
M4	SERPINF1	CLIC2
M4	SERPINF1	SGCA
M4	SERPINF1	RASA3
M4	SERPINF1	NPTX2
M4	SERPINF1	IGFALS
M4	SERPINF1	ADRB2
M4	SERPINF1	NEU1
M4	SERPINF1	AHRR
M4	SERPINF1	TMED1
M4	SERPINF1	KLHDC9
M4	SERPINF1	PRF1
M4	SERPINF1	PTP4A1
M4	SERPINF1	HOXB9
M4	SERPINF1	HIST1H3H
M4	SERPINF1	EVC2
M4	SERPINF1	RPS15A
M4	SERPINF1	PUF60
M4	SERPINF1	SLC12A2
M4	SERPINF1	ATP6V1G1
M4	SERPINF1	BIRC5
M4	SERPINF1	FBXL4
M4	SERPINF1	FAM83G
M4	SERPINF1	FCGRT
M4	SERPINF1	EPHA1
M4	SERPINF1	WFDC5
M4	SERPINF1	PPP1R13L
M4	SERPINF1	COG3
M4	SERPINF1	PSMA1
M4	SERPINF1	ACTR1A
M4	SERPINF1	RGAG4
M4	SERPINF1	WASF2
M4	SERPINF1	FCN2
M4	SERPINF1	WDR83
M4	SERPINF1	KIAA0101
M4	SERPINF1	WIPF1
M4	SERPINF1	OTUB1
M4	SERPINF1	CTSG
M4	SERPINF1	ITPR3
M4	SERPINF1	C1orf109
M4	SERPINF1	NCAPG
M4	SERPINF1	HOXA11
M4	SERPINF1	FBXO38
M4	SERPINF1	CHRM2
M4	SERPINF1	FIZ1
M4	SERPINF1	EIF4E3
M4	SERPINF1	KCTD12
M4	SERPINF1	ANKRD13A
M4	SERPINF1	PYCRL
M4	SERPINF1	ZNF101
M4	SERPINF1	ITPR1
M4	SERPINF1	SMAD2
M4	SERPINF1	BEND3
M4	SERPINF1	RAD51B
M4	SERPINF1	NOLC1
M4	SERPINF1	DPM1
M4	SERPINF1	THRAP3
M4	SERPINF1	MYOC
M4	SERPINF1	KRT6B
M4	SERPINF1	TOE1
M4	SERPINF1	TAF12
M4	SERPINF1	ANKMY2
M4	SERPINF1	DLC1
M4	SERPINF1	PBK
M4	SERPINF1	H3F3A
M4	SERPINF1	GAS2L2
M4	SERPINF1	NDUFAF1
M4	SERPINF1	PDCD4
M4	SERPINF1	DHX9
M4	SERPINF1	TRHDE
M4	SERPINF1	KCNJ1
M4	SERPINF1	TNPO2
M4	SERPINF1	MAST1
M4	SERPINF1	VPS37D
M4	SERPINF1	CNOT6
M4	SERPINF1	THEG
M4	SERPINF1	MCM5
M4	SERPINF1	THRB
M4	SERPINF1	COLGALT1
M4	SERPINF1	TP53RK
M4	SERPINF1	TFF3
M4	SERPINF1	CAMK2A
M4	SERPINF1	GRIN2A
M4	SERPINF1	N4BP2
M4	SERPINF1	GTF3A
M4	SERPINF1	CHD6
M4	SERPINF1	TOPBP1
M4	SERPINF1	ARL4A
M4	SERPINF1	CBLL1
M4	SERPINF1	AGRN
M4	SERPINF1	PPIH
M4	SERPINF1	RELA
M4	SERPINF1	FUBP1
M4	SERPINF1	NNMT
M4	SERPINF1	CBX2
M4	SERPINF1	YAF2
M4	SERPINF1	NOP10
M4	SERPINF1	CARD11
M4	SERPINF1	NPB
M4	SERPINF1	TFR2
M4	SERPINF1	C14orf166
M4	SERPINF1	ADIPOR1
M4	SERPINF1	PSME4
M4	SERPINF1	ARHGAP4
M4	SERPINF1	ZFY
M4	SERPINF1	CASP6
M4	SERPINF1	PTH2R
M4	SERPINF1	HEATR5B
M4	SERPINF1	MRPS2
M4	SERPINF1	ARG2
M4	SERPINF1	E2F1
M4	SERPINF1	FAM134B
M4	SERPINF1	C4orf32
M4	SERPINF1	MAK16
M4	SERPINF1	NLRP1
M4	SERPINF1	TAP2
M4	SERPINF1	SPI1
M4	SERPINF1	OR4D6
M4	SERPINF1	PQBP1
M4	SERPINF1	TECR
M4	SERPINF1	MET
M4	SERPINF1	CTTN
M4	SERPINF1	PTCD1
M4	SERPINF1	PPAN-P2RY11
M4	SERPINF1	APC2
M4	SERPINF1	RABL2B
M4	SERPINF1	PABPC1L
M4	SERPINF1	SLFNL1
M4	SERPINF1	CST9
M4	SERPINF1	ABCD4
M4	SERPINF1	HSPA5
M4	SERPINF1	DIAPH1
M4	SERPINF1	ASL
M4	SERPINF1	BRINP2
M4	SERPINF1	SLC2A10
M4	SERPINF1	EXT2
M4	TBC1D7	EGF
M4	TACR1	EFEMP1
M4	TACR1	CD163
M4	CEACAM5	CX3CR1
M4	CEACAM5	OLR1
M4	CLDN5	EGF
M4	CLDN5	PRF1
M4	CLDN5	PAX3
M4	PYHIN1	CFB
M4	RLF	EGF
M4	ITGA8	S100A3
M4	CRHBP	CXCL2
M4	S100A8	PSMB9
M4	S100A8	CES1
M4	S100A8	PTP4A1
M4	S100A8	SFI1
M4	S100A8	MAGEB18
M4	S100A8	ATP6V1G2
M4	S100A8	DHPS
M4	S100A8	S100P
M4	S100A8	B4GALT3
M4	S100A8	TRPC7
M4	S100A8	ZNF251
M4	S100A8	RNF169
M4	MPHOSPH6	EGF
M4	DDOST	EGF
M4	PTPRD	EFEMP1
M4	BDKRB2	TH
M4	BDKRB2	DPF1
M4	BDKRB2	PTP4A1
M4	BDKRB2	HOXA10
M4	BDKRB2	DTX1
M4	BDKRB2	HDAC5
M4	BDKRB2	CLASP2
M4	BDKRB2	FOLR3
M4	BDKRB2	HDC
M4	BDKRB2	S100P
M4	BDKRB2	NFE2
M4	BDKRB2	TCTN2
M4	BDKRB2	PHF6
M4	BDKRB2	C1orf123
M4	BDKRB2	PSMC4
M4	BDKRB2	POMK
M4	BDKRB2	OR2L13
M4	ASB12	CDKN2A
M4	ASB12	PRF1
M4	ZNF91	CX3CR1
M4	FANCB	EGF
M4	FANCB	ANKRD22
M4	NOS3	LTF
M4	ACY3	EFEMP1
M4	ACY3	PTGS2
M4	IGFBP5	SERPINA5
M4	IGFBP5	PRF1
M4	NAV2	EGF
M4	NAV2	OASL
M4	ASB4	IL1RN
M4	CXCR2	ARF6
M4	CXCR2	FBXO18
M4	CXCR2	USP14
M4	CXCR2	SPRED2
M4	CXCR2	MBD4
M4	CXCR2	PRDX5
M4	CXCR2	PPP2R5A
M4	CXCR2	LRRK2
M4	CXCR2	PHRF1
M4	CXCR2	CBL
M4	CXCR2	SARM1
M4	CXCR2	CLCN3
M4	CXCR2	KLHDC9
M4	CXCR2	MPPED1
M4	CXCR2	PTP4A1
M4	CXCR2	CD14
M4	CXCR2	CLSPN
M4	CXCR2	RRAGA
M4	CXCR2	RAB13
M4	CXCR2	CCR4
M4	CXCR2	APBB1IP
M4	CXCR2	FBLIM1
M4	CXCR2	SUFU
M4	CXCR2	NR5A1
M4	CXCR2	MAPRE3
M4	CXCR2	ATP6V0D2
M4	CXCR2	DCAF5
M4	CXCR2	TP53BP2
M4	CXCR2	CACNG4
M4	CXCR2	RSPO2
M4	CXCR2	KIAA1524
M4	CXCR2	MYLK4
M4	CXCR2	DAB2
M4	CXCR2	S100A3
M4	CXCR2	EIF3B
M4	CXCR2	VAMP2
M4	CXCR2	HNRNPH2
M4	CXCR2	FBXO44
M4	CXCR2	SLC9A7
M4	CXCR2	NME7
M4	CXCR2	EPS8
M4	CXCR2	LHPP
M4	CXCR2	TAF1A
M4	CXCR2	PIAS2
M4	CXCR2	HDHD3
M4	CXCR2	RBM7
M4	CXCR2	R3HDML
M4	CXCR2	HDAC8
M4	CXCR2	HSDL2
M4	CXCR2	SMAGP
M4	CXCR2	RBP1
M4	CXCR2	RAB3GAP1
M4	CXCR2	RAP1GDS1
M4	CXCR2	ITPKA
M4	CXCR2	CST9
M4	CXCR2	ORC5
M4	CXCR2	PEX5
M4	CXCR2	PPFIA1
M4	CXCR2	PLG
M4	CXCR2	XAF1
M4	CXCR2	RFX5
M4	CXCR2	CTDSP1
M4	CXCR2	MEGF6
M4	CXCR2	TOR1B
M4	CXCR2	LRRC16A
M4	CXCR2	GDPGP1
M4	CXCR2	MFAP5
M4	CXCR2	MED19
M4	CXCR2	ST5
M4	CXCR2	HOXA7
M4	CXCR2	LOX
M4	CXCR2	KDELC2
M4	CXCR2	SUGP1
M4	CXCR2	GTF2F2
M4	CXCR2	NFIL3
M4	CXCR2	SIK1
M4	CXCR2	TMEM216
M4	CXCR2	CBFB
M4	CXCR2	BICD2
M4	CXCR2	CLCN6
M4	CXCR2	PPRC1
M4	CXCR2	HERC6
M4	CXCR2	HIC2
M4	CXCR2	HCLS1
M4	CXCR2	IFNA2
M4	CXCR2	SORD
M4	CXCR2	CHAC1
M4	CXCR2	MPV17L
M4	CXCR2	SMN2
M4	CXCR2	AGFG2
M4	CXCR2	TUB
M4	CXCR2	INTS3
M4	CXCR2	ZIC5
M4	CXCR2	EMC10
M4	CXCR2	GNAI1
M4	CXCR2	OSBPL10
M4	CXCR2	ASAH1
M4	CXCR2	POLR3A
M4	CXCR2	CTNNA2
M4	CXCR2	HSPB6
M4	CXCR2	MAP4K4
M4	CXCR2	NXPE4
M4	CXCR2	PAK1
M4	CXCR2	DSTN
M4	CXCR2	WIZ
M4	CXCR2	C2CD3
M4	CXCR2	COA5
M4	CXCR2	HSPB11
M4	CXCR2	GYS1
M4	CXCR2	STEAP3
M4	CXCR2	KIF17
M4	CXCR2	FASTKD5
M4	TYR	EGF
M4	ARF6	CD163
M4	HNRNPR	EFEMP1
M4	HLA-DRB5	FOXJ3
M4	HLA-DRB5	PTP4A1
M4	HLA-DRB5	RGS6
M4	HLA-DRB5	SMYD5
M4	HLA-DRB5	ZNF174
M4	HLA-DRB5	MLF1
M4	HLA-DRB5	VIP
M4	HLA-DRB5	ACAD10
M4	HLA-DRB5	MOK
M4	HLA-DRB5	FPR2
M4	HLA-DRB5	PGGT1B
M4	HLA-DRB5	POLR3A
M4	HLA-DRB5	YME1L1
M4	HLA-DRB5	TBC1D20
M4	HLA-DRB5	AMACR
M4	HLA-DRB5	MB
M4	HLA-DRB5	CEP57L1
M4	HLA-DRB5	ARHGEF9
M4	HLA-DRB5	PLEKHG2
M4	GIT1	EFEMP1
M4	GIT1	COL14A1
M4	GIT1	NNMT
M4	IP6K2	EGF
M4	TBC1D8	CR1
M4	KDR	CXCL2
M4	FBXO18	EGF
M4	FBXO18	CD209
M4	KCNIP2	EGF
M4	NEFM	EGF
M4	ADA	EGF
M4	CCL2	ZFP36
M4	CCL2	ACKR3
M4	CCL2	EPN1
M4	CCL2	KIFC1
M4	CCL2	VAMP3
M4	CCL2	KDM3A
M4	CCL2	BCAP29
M4	CCL2	PRF1
M4	CCL2	VPS28
M4	CCL2	PTP4A1
M4	CCL2	TAPBP
M4	CCL2	SLC1A1
M4	CCL2	MMACHC
M4	CCL2	PRKAB2
M4	CCL2	SIPA1L3
M4	CCL2	MYO16
M4	CCL2	NEIL1
M4	CCL2	ITGB3
M4	CCL2	BHLHB9
M4	CCL2	CSRP3
M4	CCL2	CTBS
M4	CCL2	PABPC3
M4	CCL2	RAB5B
M4	CCL2	CSPG4
M4	CCL2	ANG
M4	CCL2	C18orf32
M4	CCL2	ARPC1B
M4	CCL2	GDNF
M4	CCL2	MAGEB18
M4	CCL2	ATP6V1G1
M4	CCL2	CNTLN
M4	CCL2	TSNAX
M4	CCL2	VASP
M4	CCL2	ABCE1
M4	CCL2	ATOX1
M4	CCL2	BIRC5
M4	CCL2	F11R
M4	CCL2	ELOVL7
M4	CCL2	FBXL4
M4	CCL2	FAM83G
M4	CCL2	FCGRT
M4	CCL2	EPHA1
M4	CCL2	WSB2
M4	CCL2	WDR48
M4	CCL2	PALLD
M4	CCL2	WFDC5
M4	CCL2	KDM5A
M4	CCL2	FBLN5
M4	CCL2	SNAPC4
M4	CCL2	EEF1B2
M4	CCL2	UBE2L6
M4	CCL2	CNTFR
M4	CCL2	LPP
M4	CCL2	PPL
M4	CCL2	CCR4
M4	CCL2	AGRN
M4	CCL2	DGCR14
M4	CCL2	REG1A
M4	CCL2	CYP11A1
M4	CCL2	BAIAP2L1
M4	CCL2	RPL13
M4	CCL2	HCRTR1
M4	CCL2	GJB5
M4	CCL2	GHRHR
M4	CCL2	RNF17
M4	CCL2	STK19
M4	CCL2	TOM1L2
M4	CCL2	TNK2
M4	CCL2	ZNF337
M4	CCL2	GZMA
M4	CCL2	COG1
M4	CCL2	EPSTI1
M4	CCL2	ELF5
M4	CCL2	KCNJ12
M4	CCL2	C12orf57
M4	CCL2	DCST2
M4	CCL2	DNAJC19
M4	CCL2	USP24
M4	CCL2	TBCA
M4	CCL2	TMEM54
M4	CCL2	PDE6D
M4	CCL2	ZCCHC4
M4	CCL2	MAP4
M4	CCL2	SMIM12
M4	CCL2	NEDD4
M4	CCL2	RNF135
M4	AKR1B1	EFEMP1
M4	TERT	HP
M4	TERT	ABCA13
M4	TERT	EGR1
M4	FCN1	ZFP36
M4	CTSH	ST6GALNAC2
M4	EFEMP1	XAB2
M4	EFEMP1	SLC1A7
M4	EFEMP1	CLDN10
M4	EFEMP1	PLXNA1
M4	EFEMP1	ARPC3
M4	EFEMP1	HMGA2
M4	EFEMP1	MRGBP
M4	EFEMP1	PRDX5
M4	EFEMP1	KPNA3
M4	EFEMP1	HAO2
M4	EFEMP1	ELMSAN1
M4	EFEMP1	AMIGO3
M4	EFEMP1	IL17RB
M4	EFEMP1	SNRNP27
M4	EFEMP1	TARBP2
M4	EFEMP1	CSNK1D
M4	EFEMP1	COG5
M4	EFEMP1	KPNA2
M4	EFEMP1	STXBP3
M4	EFEMP1	PHRF1
M4	EFEMP1	CD163
M4	EFEMP1	KAZN
M4	EFEMP1	RIOK3
M4	EFEMP1	PEMT
M4	EFEMP1	KLHL24
M4	EFEMP1	IL1B
M4	EFEMP1	SRSF9
M4	EFEMP1	VAV1
M4	EFEMP1	SKI
M4	EFEMP1	RBBP8
M4	EFEMP1	C14orf142
M4	EFEMP1	DCUN1D2
M4	EFEMP1	CEP57
M4	EFEMP1	IL18
M4	EFEMP1	SNTA1
M4	EFEMP1	CDC25C
M4	EFEMP1	CRY1
M4	EFEMP1	HIST1H3J
M4	EFEMP1	GALC
M4	EFEMP1	AHRR
M4	EFEMP1	NEDD8
M4	EFEMP1	VPS28
M4	EFEMP1	PTP4A1
M4	EFEMP1	PPP2R5E
M4	EFEMP1	PRKAB2
M4	EFEMP1	PIP5KL1
M4	EFEMP1	EVA1C
M4	EFEMP1	RFXAP
M4	EFEMP1	CBLL1
M4	EFEMP1	FBLIM1
M4	EFEMP1	NR5A1
M4	EFEMP1	KMT2C
M4	EFEMP1	BAIAP2L1
M4	EFEMP1	ANGPTL7
M4	EFEMP1	JPH2
M4	EFEMP1	VAC14
M4	EFEMP1	GPANK1
M4	EFEMP1	EPSTI1
M4	EFEMP1	SF3A2
M4	EFEMP1	TRAIP
M4	EFEMP1	MBNL1
M4	EFEMP1	MED8
M4	EFEMP1	CMKLR1
M4	EFEMP1	DIAPH1
M4	EFEMP1	TMEM216
M4	EFEMP1	HCLS1
M4	EFEMP1	INTS3
M4	EFEMP1	ASAH1
M4	EFEMP1	HSPB6
M4	EFEMP1	AMACR
M4	EFEMP1	PPP1R3G
M4	EFEMP1	C3orf17
M4	EFEMP1	CXCL16
M4	EFEMP1	TUBG1
M4	EFEMP1	NR1H2
M4	EFEMP1	UROC1
M4	EFEMP1	ZNF414
M4	EFEMP1	CELA3A
M4	EFEMP1	CYFIP2
M4	EFEMP1	PYDC1
M4	EFEMP1	DKC1
M4	EFEMP1	SIGMAR1
M4	EFEMP1	ETHE1
M4	EFEMP1	KDM4D
M4	EFEMP1	GID8
M4	EFEMP1	HSPB3
M4	EFEMP1	SKIV2L2
M4	EFEMP1	MRPL52
M4	EFEMP1	LRRFIP2
M4	EFEMP1	TAF1C
M4	EFEMP1	TMOD3
M4	EFEMP1	INTS10
M4	EFEMP1	PARD3
M4	PLTP	PRF1
M4	DHX33	ST6GALNAC2
M4	FOSB	SMYD2
M4	FOSB	INPPL1
M4	FOSB	STK19
M4	FOSB	NCOA1
M4	FOSB	AES
M4	FOSB	SEMA5B
M4	EGF	TUBB1
M4	EGF	MAPK8IP1
M4	EGF	CARD8
M4	EGF	FBXW11
M4	EGF	DNAJC11
M4	EGF	WDR62
M4	EGF	SPHK2
M4	EGF	DAB1
M4	EGF	DES
M4	EGF	NEK1
M4	EGF	PADI4
M4	EGF	LSM10
M4	EGF	NES
M4	EGF	ITSN2
M4	EGF	DERL2
M4	EGF	RPL23A
M4	EGF	CTGF
M4	EGF	CASP12
M4	EGF	SYTL4
M4	EGF	MED30
M4	EGF	CLCF1
M4	EGF	PHACTR4
M4	EGF	MPHOSPH8
M4	EGF	POLR1D
M4	EGF	PTPRN2
M4	EGF	TSG101
M4	EGF	SLC3A2
M4	EGF	SLC18A2
M4	EGF	MLLT1
M4	EGF	HOXB1
M4	EGF	CEP250
M4	EGF	DEK
M4	EGF	F10
M4	EGF	ZADH2
M4	EGF	ZNRF3
M4	EGF	SMARCE1
M4	EGF	NEU1
M4	EGF	IRF2BPL
M4	EGF	ERBB2
M4	EGF	MSRB1
M4	EGF	TLE4
M4	EGF	KLHDC9
M4	EGF	MPPED1
M4	EGF	PTP4A1
M4	EGF	TINAGL1
M4	EGF	TAPBP
M4	EGF	IMP3
M4	EGF	ZYX
M4	EGF	INTS9
M4	EGF	IL4
M4	EGF	RPL3
M4	EGF	FAM83G
M4	EGF	UBE2L6
M4	EGF	THRAP3
M4	EGF	CUEDC2
M4	EGF	MPZ
M4	EGF	CD8B
M4	EGF	ANKRD27
M4	EGF	POF1B
M4	EGF	IGFBP7
M4	EGF	KMT2C
M4	EGF	PRKAR2B
M4	EGF	KBTBD6
M4	EGF	TMA7
M4	EGF	PDP2
M4	EGF	EMILIN2
M4	EGF	NOD1
M4	EGF	ZIC1
M4	EGF	SPAG8
M4	EGF	SHQ1
M4	EGF	ASPM
M4	EGF	SUPT4H1
M4	EGF	DLST
M4	EGF	PHLDB3
M4	EGF	EHD3
M4	EGF	ARHGEF7
M4	EGF	PAPOLA
M4	EGF	CTDNEP1
M4	EGF	ERO1L
M4	EGF	CROT
M4	EGF	DDX51
M4	EGF	ARHGAP32
M4	EGF	CDK4
M4	EGF	PPP1R9B
M4	EGF	KCNF1
M4	EGF	CRELD2
M4	EGF	VIPR2
M4	EGF	PNP
M4	EGF	FOXN3
M4	EGF	ZNF165
M4	EGF	MIIP
M4	EGF	SHANK3
M4	EGF	RAPGEF3
M4	EGF	ATP6V1H
M4	EGF	GPI
M4	EGF	ELF1
M4	EGF	ANAPC7
M4	EGF	HIST1H4L
M4	EGF	POU5F1
M4	EGF	RELA
M4	EGF	P4HA2
M4	EGF	TRPC7
M4	EGF	CTNNA1
M4	EGF	LRRC6
M4	EGF	SLC11A2
M4	EGF	HIST1H3I
M4	EGF	KNG1
M4	EGF	TMX1
M4	EGF	HSFX1
M4	EGF	PDE3B
M4	EGF	CDH2
M4	EGF	PACSIN2
M4	EGF	SKAP1
M4	EGF	IGDCC3
M4	RRP8	CX3CR1
M4	CLDN10	RAMP1
M4	CD209	SKA3
M4	CD209	ZFP91
M4	CD209	HOMER1
M4	CD209	HOXB6
M4	CD209	BCAP29
M4	CD209	KLHDC9
M4	CD209	PTP4A1
M4	CD209	JUND
M4	CD209	PTGDR2
M4	CD209	SIN3A
M4	CD209	KAT6B
M4	CD209	MAP2K7
M4	CD209	GABARAPL1
M4	CD209	CHD7
M4	CD209	CLNS1A
M4	CD209	PTS
M4	CD209	UGCG
M4	CD209	LARP1
M4	CD209	CENPJ
M4	CD209	SUFU
M4	CD209	IGFBP7
M4	CD209	FOLR3
M4	CD209	IL1RAP
M4	CD209	ARHGEF2
M4	CD209	ZNHIT1
M4	CD209	RPS6KA2
M4	CD209	VAC14
M4	CD209	NR2C2
M4	CD209	ATRN
M4	CD209	CHMP2B
M4	CD209	CCDC15
M4	CD209	PEX26
M4	CD209	F7
M4	CD209	GTSF1
M4	CD209	SF3A2
M4	CD209	RWDD2B
M4	CD209	MCCC1
M4	CD209	MT1H
M4	CD209	S100A2
M4	CD209	HECTD3
M4	CD209	DCP1A
M4	CD209	AP5B1
M4	CD209	ZRANB3
M4	CD209	PRPF4
M4	CD209	CAAP1
M4	CD209	VMAC
M4	CD209	ARHGDIB
M4	CD209	ANAPC10
M4	CD209	RNF214
M4	CD209	CLDN20
M4	CD209	MTBP
M4	CD209	PHACTR1
M4	CD209	ASIC1
M4	CD209	MCTS1
M4	CD209	TCTEX1D2
M4	CD209	CES3
M4	CD209	CAMSAP3
M4	CD209	SCIMP
M4	CD209	ALPK1
M4	CD209	KCNG1
M4	CD209	CEP135
M4	CD209	ARIH1
M4	CD209	SLCO2A1
M4	CD209	REXO4
M4	CD209	CDK1
M4	CD209	TOM1
M4	CD209	MAST4
M4	CD209	ZNF148
M4	CD209	ADAM12
M4	CD209	ANKRD24
M4	CD209	ANXA2
M4	CD209	CMKLR1
M4	CD209	FASTKD5
M4	CD209	ACSL1
M4	CD209	DCAKD
M4	CD209	PNMAL1
M4	CD209	COA3
M4	CD209	COLQ
M4	CD209	PAN2
M4	CD209	HOXB2
M4	CD209	SCAP
M4	CD209	MED15
M4	CD209	FKTN
M4	CD209	ERBB2IP
M4	CD209	PLD5
M4	CD209	PTGDS
M4	CD209	VRK3
M4	CD209	GOLGA3
M4	CD209	PPCS
M4	CD209	ZNF274
M4	CD209	POLR3K
M4	NRG2	IL2RB
M4	NRG2	CD14
M4	BRCA2	ZFP36
M4	BRCA2	PRF1
M4	BRCA2	C7
M4	BRCA2	PTGS2
M4	BRCA2	ST6GALNAC2
M4	TUBB1	EIF4B
M4	TUBB1	FCN2
M4	TUBB1	DRAP1
M4	TUBB1	COL7A1
M4	TUBB1	RPL13
M4	TUBB1	RAB5A
M4	TUBB1	KNSTRN
M4	TUBB1	MATK
M4	TUBB1	ZNF383
M4	TUBB1	TREM1
M4	TUBB1	TCP11L1
M4	TUBB1	ST6GALNAC2
M4	TUBB1	TOP1
M4	TUBB1	TRPC3
M4	TUBB1	DIABLO
M4	TUBB1	CUL2
M4	TUBB1	GP5
M4	TUBB1	SYT9
M4	TUBB1	AP1S2
M4	TUBB1	CARD11
M4	TUBB1	USP28
M4	TUBB1	TMED9
M4	TUBB1	NAGLU
M4	TUBB1	PHACTR1
M4	TUBB1	URM1
M4	TUBB1	MARVELD3
M4	TUBB1	NOD2
M4	TUBB1	SLC35A3
M4	TUBB1	SLC36A1
M4	TUBB1	RP2
M4	TUBB1	RAB4A
M4	TUBB1	PRAMEF16
M4	TUBB1	CES3
M4	TUBB1	SCIMP
M4	TUBB1	ELP3
M4	TUBB1	CRYBB2
M4	TUBB1	ZNF148
M4	TUBB1	ADAM12
M4	TUBB1	ANKRD24
M4	TUBB1	PRKACB
M4	TUBB1	TEX35
M4	TUBB1	KIAA1429
M4	TUBB1	LIM2
M4	TUBB1	ZNF618
M4	TUBB1	KRTAP4-12
M4	TUBB1	ABCG5
M4	PLXNA1	NR4A3
M4	PLXNA1	CXCL2
M4	PLXNA1	EGR1
M4	GLMN	ST6GALNAC2
M4	MAPK8IP1	CDKN2A
M4	MAPK8IP1	RAMP1
M4	MAPK8IP1	PRF1
M4	SHC2	CFB
M4	SHC2	HBA2
M4	NEGR1	ST6GALNAC2
M4	ARPC3	CD14
M4	SETD1A	CES1
M4	SETD1A	CXCL2
M4	FAM189B	CD14
M4	FAM189B	OASL
M4	PID1	CP
M4	CARD8	CES1
M4	CARD8	IL1RN
M4	CARD8	ST6GALNAC2
M4	PER3	PRF1
M4	PER3	S100A3
M4	MPP2	ST6GALNAC2
M4	STAB1	AQP9
M4	DNAJB2	CES1
M4	HUS1B	P2RY12
M4	WDR62	P2RY12
M4	PEX2	OASL
M4	MRGBP	ST6GALNAC2
M4	SBDS	OLR1
M4	SCAND1	PRF1
M4	SCAND1	P2RY12
M4	GSC	ST6GALNAC2
M4	GSC	P2RY12
M4	PIWIL2	CD163
M4	PIWIL2	ATF3
M4	PIWIL2	PRF1
M4	NR4A3	MIA3
M4	NR4A3	SPATA13
M4	NR4A3	KDM3A
M4	NR4A3	BCAP29
M4	NR4A3	PTP4A1
M4	NR4A3	TAPBP
M4	NR4A3	PRKAB2
M4	NR4A3	MYO16
M4	NR4A3	NEIL1
M4	NR4A3	ITGB3
M4	NR4A3	BHLHB9
M4	NR4A3	CSRP3
M4	NR4A3	CTBS
M4	NR4A3	RAB5B
M4	NR4A3	CLDN1
M4	NR4A3	IGF2
M4	NR4A3	BCLAF1
M4	NR4A3	DTNA
M4	NR4A3	SLC12A2
M4	NR4A3	ARPC1B
M4	NR4A3	TSNAX
M4	NR4A3	DPYSL3
M4	NR4A3	CNTFR
M4	NR4A3	LPP
M4	NR4A3	TEP1
M4	NR4A3	PPL
M4	NR4A3	CASP8
M4	NR4A3	IL3
M4	NR4A3	C19orf25
M4	NR4A3	FRS3
M4	NR4A3	RUVBL2
M4	NR4A3	LRCH3
M4	NR4A3	CBX6
M4	NR4A3	ICMT
M4	NR4A3	PPP2R2C
M4	NR4A3	SUCO
M4	NR4A3	TF
M4	NR4A3	TCEA3
M4	NR4A3	CD79B
M4	NR4A3	INMT
M4	NR4A3	ALG8
M4	NR4A3	RASGRP4
M4	NR4A3	H2AFZ
M4	NR4A3	FXYD7
M4	NR4A3	ZNF202
M4	NR4A3	SUPT6H
M4	NR4A3	SHB
M4	NR4A3	CHAMP1
M4	NR4A3	PARD6B
M4	NR4A3	PXDNL
M4	NR4A3	PSMC4
M4	NR4A3	GNG10
M4	NR4A3	STX17
M4	EMILIN1	LTF
M4	CCL5	CES1
M4	CCL5	HBA2
M4	TNFRSF10D	CRYBB1
M4	SPHK2	ST6GALNAC2
M4	NCOA3	ATF3
M4	NCOA3	OASL
M4	MBD4	IL2RB
M4	MBD4	INMT
M4	RHOG	ST6GALNAC2
M4	NEK1	EGR1
M4	PRDX5	SERPINA5
M4	GNG11	ST6GALNAC2
M4	ENG	VSIG4
M4	SKA3	CD163
M4	SKA3	PRF1
M4	KPNA3	EGR1
M4	IFT57	ST6GALNAC2
M4	HAO2	ST6GALNAC2
M4	MAGEC2	LTF
M4	JUN	EGR2
M4	JUN	P2RY12
M4	NCOA4	SERPINA5
M4	PADI4	ALAS2
M4	PADI4	SHOX2
M4	PADI4	P2RY12
M4	LAMTOR5	NNMT
M4	AMIGO3	CALCR
M4	AMIGO3	AQP9
M4	AMIGO3	ST6GALNAC2
M4	AMIGO3	P2RY12
M4	NR2C2AP	CD163
M4	NR2C2AP	CRYBB1
M4	NR2C2AP	COL14A1
M4	CACNA1D	EGR1
M4	KIAA0907	P2RY12
M4	FBF1	P2RY12
M4	IL17RB	ST6GALNAC2
M4	MRPL37	ST6GALNAC2
M4	COMMD1	CES1
M4	COMMD1	ST6GALNAC2
M4	PPP2R5A	UBD
M4	SEC61B	NNMT
M4	SEC61B	ST6GALNAC2
M4	FOXA1	OLR1
M4	RGS19	ATF3
M4	ZMYM3	INMT
M4	DNAJA3	PRF1
M4	DNAJA3	INMT
M4	ITGAL	EGR1
M4	NES	SHOX2
M4	NES	P2RY12
M4	RFC5	PRF1
M4	RFC5	P2RY12
M4	SNRNP27	LTF
M4	SNRNP27	EGR1
M4	SNRNP27	P2RY12
M4	CD53	CRYBB1
M4	ZFP36	SPOCD1
M4	ZFP36	CBL
M4	ZFP36	PEMT
M4	ZFP36	RAVER1
M4	ZFP36	KCNS3
M4	ZFP36	GATA5
M4	ZFP36	CLIC2
M4	ZFP36	NPTX2
M4	ZFP36	KDM3A
M4	ZFP36	ERBB2
M4	ZFP36	MPPED1
M4	ZFP36	PTP4A1
M4	ZFP36	PRKAB2
M4	ZFP36	SIPA1L3
M4	ZFP36	MYO1E
M4	ZFP36	RBM4
M4	ZFP36	DLGAP4
M4	ZFP36	RFFL
M4	ZFP36	LARP1
M4	ZFP36	CENPJ
M4	ZFP36	SNAPC4
M4	ZFP36	IL3
M4	ZFP36	S100A13
M4	ZFP36	CD79A
M4	ZFP36	DGCR14
M4	ZFP36	IL1RAP
M4	ZFP36	PARP3
M4	ZFP36	PTPRA
M4	ZFP36	RSPO1
M4	ZFP36	RSPO4
M4	ZFP36	BGN
M4	ZFP36	CARD11
M4	ZFP36	CDS1
M4	ZFP36	CENPN
M4	ZFP36	CD2
M4	ZFP36	ATP6V0C
M4	ZFP36	ELAVL3
M4	ZFP36	MBOAT7
M4	ZFP36	NCS1
M4	ZFP36	ANAPC13
M4	ZFP36	BZW2
M4	ZFP36	C4orf46
M4	ZFP36	RHOD
M4	ZFP36	CHUK
M4	ZFP36	AAMP
M4	ZFP36	LRRC57
M4	ZFP36	GUCY2D
M4	ZFP36	NUTM1
M4	ITSN2	PRF1
M4	REV1	AQP9
M4	REV1	NNMT
M4	REV1	ST6GALNAC2
M4	AACS	P2RY12
M4	ATP5F1	CES1
M4	ATP5F1	P2RY12
M4	ATP5F1	VSIG4
M4	PIP5K1B	AQP9
M4	TARBP2	IL1B
M4	TARBP2	BMX
M4	COG5	COL14A1
M4	COG5	GPNMB
M4	LRRK2	EGR1
M4	LRRK2	ST6GALNAC2
M4	DERL2	P2RY12
M4	FBXO30	IL2RB
M4	FBXO30	PAX3
M4	KPNA2	IL1RN
M4	KPNA2	ST6GALNAC2
M4	STXBP3	NNMT
M4	STXBP3	CXCL2
M4	RPL23A	PAX3
M4	RPL23A	HBA2
M4	RPL23A	EOMES
M4	POLR3B	ALAS2
M4	ZFP91	SERPINA5
M4	ZFP91	CES1
M4	ZFP91	LTF
M4	SUN1	SNX20
M4	MAPK8	SERPINA5
M4	MAPK8	ST6GALNAC2
M4	SERPINA5	POLR1D
M4	SERPINA5	MPPED1
M4	SERPINA5	PTP4A1
M4	SERPINA5	LARP1
M4	SERPINA5	CSMD1
M4	SERPINA5	OGG1
M4	SERPINA5	NCBP2
M4	SERPINA5	TBCB
M4	SERPINA5	TRPC7
M4	SERPINA5	CUL2
M4	SERPINA5	COL4A2
M4	SERPINA5	RHOT1
M4	SERPINA5	C2orf42
M4	SERPINA5	SLITRK4
M4	SERPINA5	WDR60
M4	SERPINA5	FBXW4
M4	SERPINA5	ABCF1
M4	SERPINA5	MSX2
M4	SERPINA5	ITIH4
M4	SERPINA5	SPTBN1
M4	SERPINA5	PTCHD2
M4	SERPINA5	SERINC3
M4	SERPINA5	CES3
M4	SERPINA5	SCIMP
M4	SERPINA5	FMO3
M4	SERPINA5	PLD4
M4	SERPINA5	PASD1
M4	SERPINA5	CCPG1
M4	SERPINA5	ERH
M4	SERPINA5	PEX6
M4	SERPINA5	METTL20
M4	SERPINA5	MRPS34
M4	SERPINA5	PAICS
M4	SERPINA5	ZMYND10
M4	SERPINA5	ATF6
M4	SERPINA5	STK17B
M4	SERPINA5	PTOV1
M4	SERPINA5	PAEP
M4	SERPINA5	GTPBP8
M4	SERPINA5	RNF126
M4	SERPINA5	IFNAR2
M4	SERPINA5	GYPA
M4	SERPINA5	METTL2A
M4	SERPINA5	TNFSF15
M4	SERPINA5	CSDC2
M4	SERPINA5	TOLLIP
M4	CD163	SERPINE2
M4	CD163	CES1
M4	CD163	DPF1
M4	CD163	KLHDC9
M4	CD163	SH3YL1
M4	CD163	LARP1
M4	CD163	CNTFR
M4	CD163	FLT1
M4	CD163	SGOL2
M4	CD163	EYA2
M4	CD163	DRAP1
M4	CD163	ADAP1
M4	CD163	SLN
M4	CD163	NAA15
M4	CD163	VAC14
M4	CD163	TRPC3
M4	CD163	CUL2
M4	CD163	GP5
M4	CD163	ATP6V0C
M4	CD163	NOMO1
M4	CD163	PPP2CB
M4	CD163	SAA1
M4	CD163	C8orf34
M4	CD163	PRKACG
M4	CD163	KLK9
M4	CD163	TNS1
M4	CD163	NARFL
M4	CD163	VAT1L
M4	CD163	TBCE
M4	CD163	CHD1
M4	CD163	PRTFDC1
M4	CD163	HMGCS1
M4	CD163	UBE2G1
M4	CD163	GNAT3
M4	CD163	PLIN2
M4	CD163	JMJD6
M4	CD163	RYR1
M4	CD163	NECAB2
M4	CD163	NR2C2
M4	CD163	MAF
M4	CD163	ATRN
M4	CD163	FUT1
M4	CD163	USH1G
M4	CD163	HHLA3
M4	CD163	IL20
M4	CD163	PIGH
M4	CD163	ASB6
M4	CD163	COPS4
M4	CD163	CHMP2B
M4	CD163	SCAMP4
M4	CD163	AMPD2
M4	CD163	DNASE1L2
M4	CD163	SH3GL3
M4	CD163	CRTC1
M4	CD163	MGA
M4	CD163	PLEKHB1
M4	CD163	PNKP
M4	CD163	CACNG3
M4	CD163	ZBTB5
M4	CD163	ECEL1
M4	CD163	PLK2
M4	CD163	ZNF22
M4	CD163	ABCF1
M4	CD163	ASB2
M4	CD163	ACOX2
M4	CD163	G6PD
M4	CD163	PHLDA2
M4	CD163	FRMD4A
M4	CD163	NHP2
M4	CD163	MYLK2
M4	CD163	TAF2
M4	CD163	DPF3
M4	CD163	CREB5
M4	CD163	DCP1A
M4	CD163	AP5B1
M4	CD163	CAAP1
M4	CD163	VMAC
M4	CD163	ANAPC10
M4	CD163	RNF214
M4	CD163	PHACTR1
M4	CD163	ASIC1
M4	CD163	MCTS1
M4	CD163	OIP5
M4	CD163	IRF9
M4	CD163	ANP32E
M4	CD163	NDUFS1
M4	CD163	LRIF1
M4	CD163	CD82
M4	CD163	RPP40
M4	CD163	ZNF117
M4	CD163	LRIG1
M4	CD163	ZNF816
M4	CD163	ZNF878
M4	CD163	ACKR4
M4	CD163	CTNNBIP1
M4	CD163	ORM1
M4	CD163	SERPINB10
M4	CD163	MTOR
M4	CD163	SRP68
M4	CD163	SERPINB9
M4	CD163	TMEM225
M4	CD163	PER1
M4	CD163	HERPUD2
M4	CD163	FMO3
M4	CD163	THBS2
M4	CD163	ZNF573
M4	CD163	ZNF532
M4	CD163	SDCCAG3
M4	CD163	AK3
M4	CD163	CNOT11
M4	CD163	CLDN3
M4	CD163	CRYBB2
M4	CD163	PAICS
M4	CD163	BAG3
M4	CD163	ATAD3A
M4	CD163	CILP2
M4	CD163	EPDR1
M4	CD163	MAST4
M4	CD163	ADAM12
M4	CD163	ANKRD24
M4	CD163	UTP20
M4	CD163	GOLGB1
M4	CD163	DLX3
M4	CD163	MPC2
M4	CD163	SLC4A11
M4	CD163	TIMM8B
M4	HOMER1	VSIG4
M4	RPLP1	CLEC5A
M4	ACPP	DCUN1D2
M4	ACPP	PTP4A1
M4	ACPP	RBM11
M4	ACPP	CEACAM6
M4	ACPP	CENPJ
M4	ACPP	GJD4
M4	ACPP	HIST2H2AA4
M4	ACPP	ARTN
M4	ACPP	NPHS2
M4	ACPP	DRAP1
M4	ACPP	RADIL
M4	ACPP	CBX2
M4	ACPP	ELAVL3
M4	ACPP	SRPX
M4	ACPP	ATP5J
M4	ACPP	MLLT10
M4	ACPP	RPUSD1
M4	ACPP	GIT2
M4	ACPP	ADAMTSL4
M4	ACPP	PFDN4
M4	ACPP	ZNF595
M4	ACPP	FCER1G
M4	ACPP	XAGE3
M4	ACPP	CD2AP
M4	ACPP	SPRR2G
M4	ACPP	CPXCR1
M4	ACPP	KCNIP3
M4	ACPP	SLC6A8
M4	ACPP	SGCD
M4	ACPP	MISP
M4	ACPP	DUSP12
M4	ACPP	TM9SF3
M4	ACPP	IKZF1
M4	ACPP	ZSCAN22
M4	ACPP	PRR5
M4	ACPP	AJUBA
M4	ACPP	FAM96B
M4	ACPP	GJB1
M4	ACPP	MPPED2
M4	ACPP	ASAP2
M4	ACPP	BTAF1
M4	ACPP	GOLGA1
M4	ACPP	RND3
M4	ACPP	TMEM59L
M4	ACPP	EIF4EBP1
M4	ACPP	CHMP4B
M4	ACPP	DRD3
M4	ACPP	ITPRIP
M4	ACPP	ODC1
M4	ACPP	TRIB1
M4	ACPP	GPD1L
M4	ACPP	FCGR3A
M4	ACPP	FAM35A
M4	ACPP	ZBTB6
M4	MIA3	P2RY12
M4	KAZN	P2RY12
M4	SERPINE2	PRF1
M4	HOXD12	IL1B
M4	LIN37	CRYBB1
M4	LIN37	PRF1
M4	LIN37	PTGS2
M4	LIN37	S100A3
M4	F8A1	PRF1
M4	F8A1	INMT
M4	DEDD	ST6GALNAC2
M4	CDH1	P2RY12
M4	CHMP2A	LTF
M4	TMEM45B	LTF
M4	JUP	PPBP
M4	JUP	ANKRD22
M4	ECHDC1	SHOX2
M4	ECHDC1	P2RY12
M4	NCAN	CRYBB1
M4	CLCF1	P2RY12
M4	PHACTR4	HBA2
M4	PHACTR4	ABCA13
M4	PHACTR4	EOMES
M4	CD180	P2RY12
M4	SERPINB6	PAX3
M4	SERPINB6	OASL
M4	HMGB3	CES1
M4	HMGB3	AQP9
M4	EEF1A2	CES1
M4	IL2RB	PPAP2B
M4	IL2RB	AHRR
M4	IL2RB	TMED1
M4	IL2RB	AMPD1
M4	IL2RB	EBPL
M4	IL2RB	GJD4
M4	IL2RB	TAF7L
M4	IL2RB	CBLL1
M4	IL2RB	M6PR
M4	IL2RB	CUEDC2
M4	IL2RB	CD59
M4	IL2RB	XK
M4	IL2RB	PTK6
M4	IL2RB	SERPINB1
M4	IL2RB	CARD11
M4	IL2RB	NFIA
M4	IL2RB	EMD
M4	IL2RB	TMC6
M4	IL2RB	PKP3
M4	IL2RB	SYT6
M4	IL2RB	MTCH2
M4	IL2RB	EHBP1
M4	IL2RB	OR7A5
M4	IL2RB	SLFN12L
M4	IL2RB	SUCLG1
M4	IL2RB	ALS2CR11
M4	IL2RB	PSMD6
M4	IL2RB	RNASE1
M4	IL2RB	NRAS
M4	IL2RB	GRIK4
M4	IL2RB	NOD2
M4	IL2RB	HERPUD2
M4	CDKN2A	ITIH2
M4	CDKN2A	YY1AP1
M4	CDKN2A	SIRT1
M4	CDKN2A	CSRP3
M4	CDKN2A	RPS16
M4	CDKN2A	NT5E
M4	CDKN2A	KLHL1
M4	CDKN2A	CBFA2T2
M4	CDKN2A	DCAF17
M4	CDKN2A	DRAP1
M4	CDKN2A	TRIM31
M4	CDKN2A	SMYD2
M4	CDKN2A	POLD2
M4	CDKN2A	ZSWIM3
M4	CDKN2A	B4GALT3
M4	CDKN2A	MISP
M4	CDKN2A	CTNND2
M4	CDKN2A	MX2
M4	CDKN2A	GPX4
M4	CDKN2A	ELN
M4	CDKN2A	EIF2B3
M4	CDKN2A	UBAC2
M4	CDKN2A	C1orf52
M4	CDKN2A	BCL7B
M4	CDKN2A	NPB
M4	CDKN2A	FRMPD4
M4	CDKN2A	F12
M4	CDKN2A	ONECUT1
M4	CDKN2A	IBA57
M4	CDKN2A	ME3
M4	CDKN2A	RNF182
M4	CDKN2A	MBNL3
M4	CDKN2A	COG1
M4	CDKN2A	PAX1
M4	CDKN2A	EBAG9
M4	CDKN2A	CMIP
M4	CDKN2A	DCST2
M4	CDKN2A	BAAT
M4	CDKN2A	PEX7
M4	CDKN2A	PTPRT
M4	CDKN2A	HCFC1R1
M4	CDKN2A	APOC2
M4	CDKN2A	SYN3
M4	CDKN2A	FAM175A
M4	CDKN2A	TXNIP
M4	CDKN2A	KCNJ2
M4	CDKN2A	ACP5
M4	CDKN2A	COQ9
M4	CDKN2A	SEC63
M4	CDKN2A	TMEM222
M4	CDKN2A	TNFAIP8L1
M4	CDKN2A	ARL5B
M4	CDKN2A	MED27
M4	CDKN2A	C6orf25
M4	CDKN2A	ACBD3
M4	CDKN2A	COL1A2
M4	CDKN2A	NME3
M4	CDKN2A	PRADC1
M4	CDKN2A	RBP1
M4	CDKN2A	DIDO1
M4	CDKN2A	MAX
M4	CDKN2A	FKBP5
M4	CDKN2A	ERMP1
M4	CDKN2A	ANKH
M4	CDKN2A	KCNA6
M4	CDKN2A	RPUSD2
M4	CDKN2A	INCENP
M4	CDKN2A	ZNF205
M4	CDKN2A	PCDH12
M4	CDKN2A	PTMS
M4	CDKN2A	EMP2
M4	CDKN2A	POMT1
M4	CDKN2A	GRPR
M4	CDKN2A	MRPL9
M4	CDKN2A	GRK1
M4	CDKN2A	WT1
M4	CDKN2A	BRI3BP
M4	CDKN2A	ZNF484
M4	CDKN2A	HAS3
M4	TGFBR3	LTF
M4	KLHL24	CES1
M4	KLHL24	CD14
M4	CXCR4	P2RY12
M4	RPL8	P2RY12
M4	POLR1D	NNMT
M4	POLR1D	EGR1
M4	POLR1D	ST6GALNAC2
M4	NCL	PRF1
M4	FGF19	EGR1
M4	RBBP6	CYP19A1
M4	DMPK	COL14A1
M4	DMPK	ABCA13
M4	IL1B	TMED1
M4	IL1B	KLHDC9
M4	IL1B	PTP4A1
M4	IL1B	EEF1A1
M4	IL1B	UBE2L6
M4	IL1B	CDK19
M4	IL1B	SRCIN1
M4	IL1B	DNASE1L2
M4	IL1B	PRICKLE1
M4	IL1B	OSGIN2
M4	IL1B	ITIH4
M4	IL1B	MTOR
M4	IL1B	RRM2
M4	IL1B	TNNC1
M4	IL1B	TIRAP
M4	IL1B	RPL27
M4	IL1B	PBX2
M4	IL1B	GDI1
M4	IL1B	RPL7
M4	IL1B	NIPSNAP1
M4	IL1B	ABHD2
M4	IL1B	ZBTB11
M4	PCID2	LTF
M4	AP3S2	ST6GALNAC2
M4	SLC3A2	DOK2
M4	SLC3A2	PPBP
M4	SLC3A2	C7
M4	SLC3A2	EGR1
M4	SLC3A2	EOMES
M4	VAV1	P2RY12
M4	TXNL1	BMX
M4	TXNL1	PPBP
M4	TXNL1	IL1RN
M4	TIMM17A	ST6GALNAC2
M4	SLC18A2	P2RY12
M4	DCBLD1	S100A3
M4	DCBLD1	VSIG4
M4	PRX	CD14
M4	MLLT1	CXCL2
M4	SKI	NNMT
M4	SKI	ST6GALNAC2
M4	RBBP8	SPP1
M4	RBBP8	CX3CR1
M4	RBBP8	P2RY12
M4	ACKR3	EGR1
M4	RBCK1	CRYBB1
M4	FZD4	SPP1
M4	FZD4	ST6GALNAC2
M4	RAVER1	PRF1
M4	TUBA1C	CES1
M4	TUBA1C	CRYBB1
M4	TUBA1C	SPP1
M4	TUBA1C	LTF
M4	TUBA1C	EGR1
M4	RAMP1	CEP250
M4	RAMP1	CIZ1
M4	RAMP1	PTP4A1
M4	RAMP1	CSRP3
M4	RAMP1	RAB5B
M4	RAMP1	PARP9
M4	RAMP1	RBM4
M4	RAMP1	LARP1
M4	RAMP1	PALLD
M4	RAMP1	LSAMP
M4	RAMP1	GJD4
M4	RAMP1	TAF12
M4	RAMP1	WBP5
M4	RAMP1	FGF8
M4	RAMP1	RFWD2
M4	RAMP1	CBFA2T2
M4	RAMP1	EMILIN2
M4	RAMP1	NCBP2
M4	RAMP1	DGCR14
M4	RAMP1	SVIP
M4	RAMP1	EIF3K
M4	RAMP1	TRIM63
M4	RAMP1	MMADHC
M4	RAMP1	DNTTIP1
M4	RAMP1	PTPN7
M4	RAMP1	SNX20
M4	RAMP1	RHOT1
M4	RAMP1	PRKACG
M4	RAMP1	HHLA3
M4	RAMP1	PNKP
M4	RAMP1	ME3
M4	RAMP1	HIP1
M4	RAMP1	POLK
M4	RAMP1	DTX3
M4	RAMP1	COL23A1
M4	RAMP1	SLC10A2
M4	RAMP1	PHF14
M4	RAMP1	CYB561
M4	RAMP1	MPP6
M4	RAMP1	TMA16
M4	RAMP1	ZBTB38
M4	RAMP1	BTN2A2
M4	RAMP1	CARTPT
M4	RAMP1	NT5DC4
M4	RAMP1	ZNF195
M4	RAMP1	SLC9A2
M4	RAMP1	RNF167
M4	RAMP1	DHX30
M4	RAMP1	ZNF174
M4	RAMP1	UBXN11
M4	RAMP1	F2RL2
M4	RAMP1	NRIP1
M4	RAMP1	EFNB2
M4	RAMP1	SPATA7
M4	RAMP1	SOX13
M4	RAMP1	CCT2
M4	RAMP1	CTNNB1
M4	RAMP1	NKIRAS2
M4	RAMP1	ALG8
M4	RAMP1	PSMC1
M4	RAMP1	PSAT1
M4	RAMP1	ZBTB46
M4	RAMP1	ASB3
M4	RAMP1	RAB1A
M4	RAMP1	APOBEC3F
M4	RAMP1	TRIOBP
M4	RAMP1	MEP1A
M4	RAMP1	TMEM106A
M4	RAMP1	PSTPIP2
M4	RAMP1	PRICKLE1
M4	RAMP1	KIAA1549
M4	RAMP1	C2orf42
M4	RAMP1	CDC42BPB
M4	RAMP1	TRIM56
M4	RAMP1	DDX27
M4	RAMP1	SNX7
M4	RAMP1	EXOC6B
M4	RAMP1	HEBP1
M4	RAMP1	RAG2
M4	RAMP1	TAF13
M4	RAMP1	LUC7L
M4	RAMP1	KLHL5
M4	RAMP1	TMEM246
M4	RAMP1	TRMT6
M4	RAMP1	EPHA8
M4	RAMP1	SLC9A7
M4	RAMP1	ABCF1
M4	RAMP1	DHX40
M4	RAMP1	ASB2
M4	RAMP1	TMEM127
M4	RAMP1	NGLY1
M4	RAMP1	ACTN1
M4	RAMP1	TNNT3
M4	RAMP1	DYRK1A
M4	RAMP1	NDUFA11
M4	RAMP1	GMPPB
M4	RAMP1	DRD2
M4	RAMP1	PREP
M4	RAMP1	EPG5
M4	RAMP1	G0S2
M4	RAMP1	SULT1B1
M4	RAMP1	HPS5
M4	RAMP1	AASDHPPT
M4	RAMP1	GBE1
M4	RAMP1	PYCR2
M4	RAMP1	C5orf22
M4	RAMP1	GCNT3
M4	RAMP1	MLX
M4	RAMP1	MYH2
M4	RAMP1	GPR21
M4	RAMP1	FHOD1
M4	RAMP1	PEX14
M4	RAMP1	ECM1
M4	RAMP1	ZBED1
M4	RAMP1	TPD52L1
M4	RAMP1	PRDM8
M4	RAMP1	ELL
M4	RAMP1	GTF2H3
M4	RAMP1	PDCL
M4	RAMP1	CXorf56
M4	RAMP1	GPX1
M4	RAMP1	PPP1R14B
M4	RAMP1	CDK10
M4	RAMP1	SH3BGR
M4	RAMP1	TFG
M4	RAMP1	SLC25A20
M4	RAMP1	ZSCAN20
M4	RAMP1	HAL
M4	RAMP1	C2orf88
M4	RAMP1	MORN1
M4	RAMP1	CA1
M4	RAMP1	GTF2I
M4	RAMP1	SLC39A7
M4	RAMP1	C16orf62
M4	RAMP1	ANGPTL5
M4	RAMP1	WNT11
M4	RAMP1	PARP1
M4	RAMP1	CCDC59
M4	RAMP1	PIM2
M4	RAMP1	SSRP1
M4	RAMP1	FANCI
M4	RAMP1	RCOR2
M4	RAMP1	CCDC88B
M4	RAMP1	IL6R
M4	RAMP1	MTF1
M4	RAMP1	PFDN6
M4	RAMP1	NME1
M4	RAMP1	BCAS1
M4	RAMP1	FAM131B
M4	RAMP1	FAM92A1
M4	RAMP1	ZNRF2
M4	RAMP1	STMN3
M4	RAMP1	ARPC5
M4	RAMP1	RPAP1
M4	RAMP1	SSMEM1
M4	RAMP1	ROR1
M4	RAMP1	CFL2
M4	RAMP1	SNX5
M4	RAMP1	COPS5
M4	RAMP1	ATP9A
M4	RAMP1	ZNF684
M4	RAMP1	GRIPAP1
M4	RAMP1	GTPBP4
M4	RAMP1	MACF1
M4	RAMP1	CCDC148
M4	RAMP1	TCHH
M4	RAMP1	ATP2A2
M4	RAMP1	FOXE1
M4	RAMP1	GYPB
M4	RAMP1	CAND1
M4	RAMP1	FUCA1
M4	RAMP1	FGFR2
M4	RAMP1	PPP1R32
M4	RAMP1	IFT172
M4	RAMP1	TPGS2
M4	RAMP1	FAM63B
M4	RAMP1	EIF1
M4	RAMP1	TMED10
M4	RAMP1	ZNF488
M4	RAMP1	CAST
M4	RAMP1	SH2B3
M4	RAMP1	DOK1
M4	RAMP1	IQGAP1
M4	RAMP1	RSF1
M4	RAMP1	ZNF395
M4	RAMP1	SYT2
M4	RAMP1	ARHGEF39
M4	RAMP1	GPD2
M4	RAMP1	RANBP10
M4	RAMP1	HPGD
M4	RAMP1	SIM1
M4	RAMP1	ACTR6
M4	RAMP1	NEUROD2
M4	RAMP1	ZC3H3
M4	RAMP1	GADD45A
M4	RAMP1	ATP1A4
M4	RAMP1	OCIAD2
M4	RAMP1	ELP3
M4	RAMP1	FAAH2
M4	RAMP1	TGFBI
M4	RAMP1	MAGEL2
M4	RAMP1	PAIP1
M4	RAMP1	PRSS3
M4	RAMP1	RASSF5
M4	RAMP1	NDE1
M4	RAMP1	SCN10A
M4	RAMP1	RRP7A
M4	RAMP1	DRD4
M4	RAMP1	POMP
M4	RAMP1	TAF4
M4	RAMP1	SLFN11
M4	RAMP1	NUS1
M4	RAMP1	CPE
M4	RAMP1	UCP2
M4	RAMP1	IFNA7
M4	RAMP1	PRR3
M4	RAMP1	ABHD10
M4	RAMP1	SLC9A3R2
M4	RAMP1	SCO2
M4	RAMP1	PEX13
M4	RAMP1	CALY
M4	RAMP1	SERPINH1
M4	RAMP1	NCKAP1L
M4	RAMP1	SYT1
M4	RAMP1	LMTK3
M4	RAMP1	HES6
M4	RAMP1	ZZZ3
M4	RAMP1	PDCD5
M4	RAMP1	APAF1
M4	RAMP1	TIMMDC1
M4	RAMP1	KCNJ2
M4	RAMP1	SEMA6A
M4	RAMP1	EPHB1
M4	RAMP1	CASC4
M4	RAMP1	ZNF705G
M4	RAMP1	SUMO1
M4	RAMP1	AGPAT3
M4	RAMP1	IL27RA
M4	RAMP1	BIN2
M4	RAMP1	MBD1
M4	RAMP1	RNASE4
M4	RAMP1	SGCG
M4	RAMP1	GINS2
M4	RAMP1	HDAC4
M4	RAMP1	TMEM241
M4	RAMP1	EYA4
M4	RAMP1	FBXL13
M4	RAMP1	SYNPO2
M4	RAMP1	DNLZ
M4	RAMP1	HSPA12A
M4	RAMP1	SEMA5B
M4	RAMP1	KLB
M4	RAMP1	ZMYND10
M4	RAMP1	ZC2HC1A
M4	RAMP1	MAST4
M4	RAMP1	BMP8B
M4	RAMP1	H3F3B
M4	RAMP1	RAI1
M4	RAMP1	TPGS1
M4	RAMP1	KIF3A
M4	RAMP1	NDUFAF7
M4	RAMP1	USP3
M4	RAMP1	PLEKHA7
M4	RAMP1	CPLX2
M4	RAMP1	NUDT16L1
M4	ID1	CES1
M4	PI3	BMX
M4	PPAP2B	SHOX2
M4	CES1	HPRT1
M4	CES1	PSIP1
M4	CES1	SPATA13
M4	CES1	TRPV6
M4	CES1	KDM3A
M4	CES1	SARNP
M4	CES1	VPS28
M4	CES1	PTP4A1
M4	CES1	PRKAB2
M4	CES1	SIPA1L3
M4	CES1	RINT1
M4	CES1	NAE1
M4	CES1	MCFD2
M4	CES1	CSPG4
M4	CES1	REN
M4	CES1	B4GALT1
M4	CES1	RAD23A
M4	CES1	RPS15A
M4	CES1	PUF60
M4	CES1	UCN
M4	CES1	C18orf32
M4	CES1	GDNF
M4	CES1	MAGEB18
M4	CES1	CLSPN
M4	CES1	CNTLN
M4	CES1	VASP
M4	CES1	HMGCS2
M4	CES1	PKN2
M4	CES1	EIF3I
M4	CES1	PPP1R13L
M4	CES1	NCK1
M4	CES1	CNTFR
M4	CES1	LPP
M4	CES1	CCR4
M4	CES1	APBB1IP
M4	CES1	NMT2
M4	CES1	PBK
M4	CES1	TRHDE
M4	CES1	MAP7D3
M4	CES1	XK
M4	CES1	POLD3
M4	CES1	NKRF
M4	CES1	WBP5
M4	CES1	KPNA5
M4	CES1	NR5A1
M4	CES1	GRM7
M4	CES1	GZMM
M4	CES1	UBE2R2
M4	CES1	OGG1
M4	CES1	FIGF
M4	CES1	TTC3
M4	CES1	PCSK4
M4	CES1	CLASP2
M4	CES1	SLA
M4	CES1	DGCR14
M4	CES1	IL1RAP
M4	CES1	C1orf94
M4	CES1	NXF3
M4	CES1	GPC3
M4	CES1	RELA
M4	CES1	LY6G6F
M4	CES1	CDKN1C
M4	CES1	SOCS6
M4	CES1	SLC22A1
M4	CES1	POLD2
M4	CES1	RPL26
M4	CES1	FTCD
M4	CES1	EXOSC6
M4	CES1	ARHGAP27
M4	CES1	OLIG3
M4	CES1	NTRK2
M4	CES1	TWF1
M4	CES1	BAZ1A
M4	CES1	KRT8
M4	CES1	DNASE1L2
M4	CES1	INCA1
M4	CES1	ITGA11
M4	CES1	CCDC15
M4	CES1	EXOSC9
M4	CES1	LRRC23
M4	CES1	KLHL5
M4	CES1	AIG1
M4	CES1	HIRIP3
M4	CES1	RNH1
M4	CES1	CTAGE1
M4	CES1	KCTD1
M4	CES1	C10orf90
M4	CES1	SUSD2
M4	CES1	HLA-DOB
M4	CES1	SPRED1
M4	CES1	RBM7
M4	CES1	BAAT
M4	CES1	C9orf24
M4	CES1	CSRP1
M4	CES1	NEU3
M4	CES1	PEX14
M4	CES1	CDK10
M4	CES1	HSDL2
M4	CES1	ZNF596
M4	CES1	TRUB2
M4	CES1	RAPH1
M4	CES1	FBXO3
M4	CES1	TUBGCP6
M4	CES1	ACSL6
M4	CES1	PRMT6
M4	CES1	ALG11
M4	CES1	CRIP2
M4	CES1	MBD3
M4	CES1	PLEKHA6
M4	CES1	DDX58
M4	CES1	ZNF354C
M4	CES1	IPO5
M4	CES1	SMAGP
M4	CES1	F5
M4	CES1	TOMM20
M4	CES1	NXT1
M4	CES1	TTC8
M4	CES1	ICOSLG
M4	CES1	ZNF792
M4	CES1	C11orf63
M4	CES1	RAB37
M4	CES1	RAB25
M4	CES1	TRAIP
M4	CES1	NR5A2
M4	CES1	FKBP4
M4	CES1	PSMB6
M4	CES1	SLC25A51
M4	CES1	MAST4
M4	CES1	HPDL
M4	CES1	MRPS22
M4	CES1	EBNA1BP2
M4	CES1	KCNJ4
M4	CES1	DMBT1
M4	CES1	HPCA
M4	CES1	SIT1
M4	DCUN1D2	P2RY12
M4	TRAPPC5	IL1RN
M4	TRAPPC5	AQP9
M4	IL18	CXCL10
M4	IL18	NNMT
M4	IL18	ST6GALNAC2
M4	TM9SF1	IL1RN
M4	TM9SF1	SPP1
M4	ACAD11	S100A3
M4	ACAD11	P2RY12
M4	PARL	ST6GALNAC2
M4	PARL	P2RY12
M4	MED25	P2RY12
M4	CLCN3	ST6GALNAC2
M4	EPN1	NNMT
M4	CEP250	IL1RN
M4	KIFC1	S100A3
M4	HPRT1	COL14A1
M4	HPRT1	IL1RN
M4	HPRT1	CX3CR1
M4	HPRT1	NNMT
M4	HPRT1	ST6GALNAC2
M4	HPRT1	CYP1B1
M4	HPRT1	TNF
M4	CDC25C	COL14A1
M4	CDC25C	LTF
M4	CDC25C	VSIG4
M4	TCF21	EGR1
M4	DEK	PRF1
M4	MARK1	P2RY12
M4	VBP1	PRF1
M4	VBP1	P2RY12
M4	CRY1	AQP9
M4	FAIM2	P2RY12
M4	ERAS	LTF
M4	ERAS	OASL
M4	FABP1	ATF3
M4	GATA5	IL1RN
M4	TRPV6	PRF1
M4	SLC7A7	PRF1
M4	SLC7A7	ST6GALNAC2
M4	PFN2	OLR1
M4	CRYBB1	VPS28
M4	CRYBB1	PTP4A1
M4	CRYBB1	MMACHC
M4	CRYBB1	CTBS
M4	CRYBB1	VASP
M4	CRYBB1	ARL6IP1
M4	CRYBB1	DDX17
M4	CRYBB1	ABCG8
M4	CRYBB1	BCHE
M4	CRYBB1	RCAN3
M4	CRYBB1	CBFA2T2
M4	CRYBB1	KBTBD6
M4	CRYBB1	DCAF17
M4	CRYBB1	IL1RAP
M4	CRYBB1	DR1
M4	CRYBB1	CDK19
M4	CRYBB1	HNRNPL
M4	CRYBB1	SLC45A1
M4	CRYBB1	ELAVL3
M4	CRYBB1	BZW2
M4	CRYBB1	SNX7
M4	CRYBB1	MOXD1
M4	CRYBB1	SENP2
M4	CRYBB1	ZNF485
M4	CRYBB1	FANCM
M4	CRYBB1	NEIL3
M4	CRYBB1	HIST1H2AK
M4	CRYBB1	MLNR
M4	CRYBB1	PPP1R16A
M4	CRYBB1	SLITRK4
M4	CRYBB1	SPAST
M4	CRYBB1	BPGM
M4	CRYBB1	SUPT20H
M4	CRYBB1	CGNL1
M4	CRYBB1	CPT2
M4	CRYBB1	FAM206A
M4	CRYBB1	ATP5C1
M4	CRYBB1	P2RX5
M4	CRYBB1	ABCF1
M4	CRYBB1	SARDH
M4	CRYBB1	DPCR1
M4	CRYBB1	TNNT3
M4	CRYBB1	NSF
M4	CRYBB1	CTDSP2
M4	CRYBB1	GIPC3
M4	CRYBB1	PCBP4
M4	CRYBB1	FBXL15
M4	CRYBB1	MCMBP
M4	CRYBB1	TMEM126B
M4	CRYBB1	SNAI2
M4	CRYBB1	SPRED1
M4	CRYBB1	SEC62
M4	CRYBB1	TBCA
M4	CRYBB1	CHP2
M4	CRYBB1	CCNB3
M4	CRYBB1	NUDC
M4	CRYBB1	OSTC
M4	CRYBB1	ZNF473
M4	CRYBB1	CCPG1
M4	CRYBB1	ZNF488
M4	CRYBB1	DLX2
M4	CRYBB1	ZBTB37
M4	CRYBB1	E2F3
M4	CRYBB1	DPP7
M4	CRYBB1	BEX1
M4	CRYBB1	TEX30
M4	CRYBB1	TBL2
M4	CRYBB1	CCM2L
M4	CRYBB1	MRPS33
M4	CRYBB1	CMTM2
M4	CRYBB1	DCAF10
M4	CRYBB1	RAB3D
M4	CRYBB1	TAOK3
M4	CRYBB1	MEGF8
M4	CRYBB1	HIST1H2BG
M4	CRYBB1	TIMP1
M4	CRYBB1	TAF7
M4	CRYBB1	FHIT
M4	CRYBB1	PLAGL1
M4	CRYBB1	HAUS5
M4	CRYBB1	LYNX1
M4	CRYBB1	ACD
M4	CRYBB1	NUBPL
M4	CRYBB1	CHERP
M4	CRYBB1	GLIS2
M4	CRYBB1	CDC73
M4	CRYBB1	SORCS1
M4	CRYBB1	RNF44
M4	CRYBB1	PHTF1
M4	CRYBB1	C17orf97
M4	CRYBB1	CCL23
M4	CRYBB1	ARV1
M4	CRYBB1	HLA-G
M4	CRYBB1	NEK8
M4	DPF1	LTF
M4	CCP110	P2RY12
M4	SGCA	CFB
M4	SGCA	NNMT
M4	RASA3	ST6GALNAC2
M4	NPTX2	BMX
M4	NPTX2	P2RY12
M4	PSMB3	EGR1
M4	HIST1H3J	CXCL10
M4	HIST1H3J	NNMT
M4	SH3GLB1	ST6GALNAC2
M4	SH3GLB1	BHMT2
M4	ZNRF3	ST6GALNAC2
M4	IGFALS	ALAS2
M4	IGFALS	LTF
M4	IGFALS	TSTD1
M4	SMARCE1	PAX3
M4	SMARCE1	ST6GALNAC2
M4	SMARCE1	SNX20
M4	ADRB2	COL14A1
M4	ADRB2	CD14
M4	ADRB2	IL1RN
M4	ADRB2	CX3CR1
M4	ADRB2	S100A3
M4	ADRB2	EOMES
M4	GALC	ST6GALNAC2
M4	DDIT4L	CXCL10
M4	DDIT4L	ST6GALNAC2
M4	DDIT4L	VSIG4
M4	PCBP1	ABCA13
M4	SS18	NNMT
M4	SS18	INMT
M4	SS18	BHMT2
M4	BCAP29	EGR1
M4	BCAP29	DKK2
M4	ATF3	TLE4
M4	ATF3	PRR15
M4	ATF3	ACR
M4	ATF3	HELZ
M4	ATF3	POLR3F
M4	ATF3	KDELR1
M4	ATF3	RAD17
M4	ATF3	WDR60
M4	ATF3	PTP4A3
M4	ATF3	MCCC2
M4	ATF3	LDHAL6A
M4	ATF3	EBLN2
M4	ATF3	FBXO44
M4	ATF3	RABGEF1
M4	ATF3	SEMA5B
M4	ATF3	C2CD2L
M4	IRF2BPL	ST6GALNAC2
M4	IRF2BPL	P2RY12
M4	ERBB2	PRF1
M4	ERBB2	OASL
M4	ERBB2	P2RY12
M4	ERBB2	CYP1B1
M4	CXCL9	MAP7D3
M4	CXCL9	NOG
M4	CXCL9	AES
M4	CXCL9	PNKP
M4	CXCL9	SPATA7
M4	CXCL9	PRICKLE1
M4	CXCL9	PTP4A3
M4	CXCL9	MCCC2
M4	CXCL9	HRASLS
M4	CXCL9	SPAG6
M4	CXCL9	ECEL1
M4	CXCL9	SCN8A
M4	CXCL9	SPPL2A
M4	CXCL9	CSHL1
M4	CXCL9	TMEM246
M4	CXCL9	EBLN2
M4	CXCL9	DNAJC17
M4	CXCL9	RPS8
M4	CXCL9	SEPT8
M4	CXCL9	ARL16
M4	CXCL9	SEMA5B
M4	CXCL9	EPHA3
M4	FOXJ3	SIGLEC1
M4	AHRR	PRF1
M4	AHRR	S100A9
M4	AHRR	IL1RN
M4	AHRR	ST6GALNAC2
M4	AHRR	P2RY12
M4	AHRR	HLA-DQA2
M4	MSRB1	DOK2
M4	MSRB1	CR1
M4	MSRB1	P2RY12
M4	MSRB1	BHMT2
M4	TLE4	PPBP
M4	TLE4	P2RY12
M4	TLE4	ACP5
M4	NCOA5	EGR3
M4	NEDD8	SNX20
M4	SARNP	EOMES
M4	CIZ1	CXCL10
M4	NVL	P2RY12
M4	KLHDC9	IL1RN
M4	KLHDC9	SPP1
M4	PRF1	KCNA3
M4	PRF1	CSRP3
M4	PRF1	RAB5B
M4	PRF1	COL14A1
M4	PRF1	IL4
M4	PRF1	CLDN1
M4	PRF1	RAD23A
M4	PRF1	C18orf32
M4	PRF1	SOX6
M4	PRF1	UTY
M4	PRF1	KDM5A
M4	PRF1	SNAPC4
M4	PRF1	CCR4
M4	PRF1	CASP8
M4	PRF1	COMMD8
M4	PRF1	WIPF1
M4	PRF1	FIZ1
M4	PRF1	RBM10
M4	PRF1	MAGEA2B
M4	PRF1	FBLIM1
M4	PRF1	MST1R
M4	PRF1	UPP1
M4	PRF1	S100A13
M4	PRF1	NR5A1
M4	PRF1	IGFBP7
M4	PRF1	EMILIN2
M4	PRF1	SHANK3
M4	PRF1	FIGF
M4	PRF1	CACYBP
M4	PRF1	SGOL2
M4	PRF1	TRIM50
M4	PRF1	PLXNB1
M4	PRF1	GLI3
M4	PRF1	UBAP2L
M4	PRF1	PIGA
M4	PRF1	PLCB2
M4	PRF1	TRIM40
M4	PRF1	NPHS2
M4	PRF1	CAMK2N1
M4	PRF1	RBM15B
M4	PRF1	BACH2
M4	PRF1	DCAF12
M4	PRF1	SLC37A4
M4	PRF1	HPCAL4
M4	PRF1	MT1G
M4	PRF1	HIST1H3B
M4	PRF1	YAE1D1
M4	PRF1	TGS1
M4	PRF1	INPPL1
M4	PRF1	TBCB
M4	PRF1	AKIP1
M4	PRF1	CR1
M4	PRF1	SLC25A15
M4	PRF1	PSMD4
M4	PRF1	NOP10
M4	PRF1	CDH2
M4	PRF1	IGDCC3
M4	PRF1	VAC14
M4	PRF1	PPP2R2C
M4	PRF1	TCEA3
M4	PRF1	ANAPC13
M4	PRF1	MAF
M4	PRF1	FUT1
M4	PRF1	HHLA3
M4	PRF1	ASB6
M4	PRF1	AMPD2
M4	PRF1	DNASE1L2
M4	PRF1	PNKP
M4	PRF1	CACNG3
M4	PRF1	ZBTB5
M4	PRF1	VSIG4
M4	PRF1	GJB1
M4	PRF1	ALS2CR11
M4	PRF1	NRAS
M4	PRF1	ME3
M4	PRF1	PHF14
M4	PRF1	CYB561
M4	PRF1	ZBTB38
M4	PRF1	BTN2A2
M4	PRF1	UBXN11
M4	PRF1	CCT2
M4	PRF1	NKIRAS2
M4	PRF1	ALG8
M4	PRF1	RAB1A
M4	PRF1	APOBEC3F
M4	PRF1	TRIOBP
M4	PRF1	TMEM106A
M4	PRF1	PSTPIP2
M4	PRF1	PRICKLE1
M4	PRF1	CDC42BPB
M4	PRF1	TRIM56
M4	PRF1	DDX27
M4	PRF1	EXOC6B
M4	PRF1	TAF13
M4	PRF1	SLITRK4
M4	PRF1	SPAST
M4	PRF1	CGNL1
M4	PRF1	CPT2
M4	PRF1	FAM206A
M4	PRF1	POLR3F
M4	PRF1	KDELR1
M4	PRF1	WDR60
M4	PRF1	PTP4A3
M4	PRF1	MCCC2
M4	PRF1	CSHL1
M4	PRF1	EBLN2
M4	PRF1	FSBP
M4	PRF1	GFRA1
M4	PRF1	PVR
M4	PRF1	PCCA
M4	PRF1	RASGEF1A
M4	PRF1	UBR3
M4	PRF1	ELFN1
M4	PRF1	CEP192
M4	PRF1	ZNF841
M4	PRF1	LDB2
M4	PRF1	MEI1
M4	PRF1	PLK2
M4	PRF1	NUP88
M4	PRF1	ADCY2
M4	PRF1	COX11
M4	PRF1	C19orf54
M4	PRF1	TCL1B
M4	PRF1	ETV3
M4	PRF1	DLAT
M4	PRF1	OMP
M4	PRF1	TRMT6
M4	PRF1	NPEPPS
M4	PRF1	PTPN6
M4	PRF1	INPP5A
M4	PRF1	MED1
M4	PRF1	LGALS2
M4	PRF1	CRYGD
M4	PRF1	PTCH2
M4	PRF1	NOSTRIN
M4	PRF1	DDX28
M4	PRF1	ZNF689
M4	PRF1	TRHR
M4	PRF1	PSKH2
M4	PRF1	SRSF6
M4	PRF1	ZNF516
M4	PRF1	TWSG1
M4	PRF1	TRAPPC6B
M4	PRF1	SBSN
M4	PRF1	GSTA3
M4	PRF1	SIGLEC9
M4	PRF1	SPIC
M4	PRF1	PTPRG
M4	PRF1	ANP32A
M4	PRF1	ERI3
M4	PRF1	HSD11B1L
M4	PRF1	PSTK
M4	PRF1	LCA5L
M4	PRF1	TRIM7
M4	PRF1	YIPF3
M4	PRF1	C4orf46
M4	PRF1	BTBD9
M4	PRF1	APPL1
M4	PRF1	SLC25A11
M4	PRF1	EIF3B
M4	PRF1	TNK2
M4	PRF1	SH2B1
M4	PRF1	DCUN1D1
M4	PRF1	TFR2
M4	PRF1	ROR2
M4	PRF1	HOXB13
M4	PRF1	PANX2
M4	PRF1	KLHL3
M4	PRF1	EPO
M4	PRF1	FAM19A4
M4	PRF1	CD302
M4	PRF1	SLC22A11
M4	PRF1	REC8
M4	PRF1	COL8A1
M4	PRF1	USP28
M4	PRF1	IFT81
M4	PRF1	VAMP2
M4	PRF1	HNRNPH2
M4	PRF1	MGMT
M4	PRF1	ZNF22
M4	PRF1	L3MBTL4
M4	PRF1	FBXO44
M4	PRF1	SYNGAP1
M4	PRF1	PRKD3
M4	PRF1	HOXD9
M4	PRF1	DMP1
M4	PRF1	EPHA8
M4	PRF1	SATB2
M4	PRF1	MAPK11
M4	PRF1	APLP1
M4	PRF1	CXCL6
M4	PRF1	MYL6
M4	PRF1	UXT
M4	PRF1	SPAG5
M4	PRF1	SNAPC2
M4	PRF1	SLC9A7
M4	PRF1	ZBTB45
M4	PRF1	MKS1
M4	PRF1	NME7
M4	PRF1	FBXL12
M4	PRF1	DAPK3
M4	PRF1	NAIP
M4	PRF1	TMEM135
M4	PRF1	PXMP4
M4	PRF1	KAT2B
M4	PRF1	P2RX5
M4	PRF1	TBP
M4	PRF1	YEATS4
M4	PRF1	PLEKHA2
M4	PRF1	ZNF674
M4	PRF1	C16orf52
M4	PRF1	RPS9
M4	PRF1	BAD
M4	PRF1	EPS8
M4	PRF1	LHPP
M4	PRF1	FURIN
M4	PRF1	BLOC1S5
M4	PRF1	RNF182
M4	PRF1	BCL10
M4	PRF1	TAF1A
M4	PRF1	TNRC6C
M4	PRF1	HSP90AB1
M4	PRF1	EDNRB
M4	PRF1	SLC9A4
M4	PRF1	FBXW9
M4	PRF1	TEX36
M4	PRF1	EVA1A
M4	PRF1	COPS2
M4	PRF1	ERCC6
M4	PRF1	SHMT1
M4	PRF1	OSGIN2
M4	PRF1	HIRIP3
M4	PRF1	PLEKHG3
M4	PRF1	KIAA2022
M4	PRF1	MAFK
M4	PRF1	LMO7
M4	PRF1	CDC123
M4	PRF1	CASC5
M4	PRF1	BCKDK
M4	PRF1	KRT37
M4	PRF1	PEX26
M4	PRF1	GABRB3
M4	PRF1	SIRT5
M4	PRF1	FBXW4
M4	PRF1	C18orf25
M4	PRF1	FGD5
M4	PRF1	ABCF1
M4	PRF1	ZNF224
M4	PRF1	SPATC1
M4	PRF1	DHX40
M4	PRF1	NMRAL1
M4	PRF1	PNISR
M4	PRF1	TRIP12
M4	PRF1	NHLRC1
M4	PRF1	MSX2
M4	PRF1	PRKD2
M4	PRF1	ATF7IP2
M4	PRF1	NUFIP2
M4	PRF1	HSPB8
M4	PRF1	HIST2H4A
M4	PRF1	ZNF566
M4	PRF1	PDCD2
M4	PRF1	L3MBTL3
M4	PRF1	SKP1
M4	PRF1	RAB3IL1
M4	PRF1	GNE
M4	PRF1	ITIH4
M4	PRF1	PEX5L
M4	PRF1	TGFBR2
M4	PRF1	MBNL3
M4	PRF1	DPP4
M4	PRF1	DIAPH2
M4	PRF1	TPPP3
M4	PRF1	LPO
M4	PRF1	CLEC4D
M4	PRF1	LBH
M4	PRF1	FUT10
M4	PRF1	ASB2
M4	PRF1	ACOX2
M4	PRF1	NSDHL
M4	PRF1	G6PD
M4	PRF1	COPS7B
M4	PRF1	ZNF827
M4	PRF1	C8orf33
M4	PRF1	ATP8B2
M4	PRF1	SGK2
M4	PRF1	RPL14
M4	PRF1	DBNDD2
M4	PRF1	MYBL1
M4	PRF1	ST6GALNAC5
M4	PRF1	SARDH
M4	PRF1	RNH1
M4	PRF1	CLN8
M4	PRF1	CKS2
M4	PRF1	KIAA1586
M4	PRF1	SP8
M4	PRF1	TRAK1
M4	PRF1	DPCR1
M4	PRF1	LCE3D
M4	PRF1	DOCK3
M4	PRF1	NOV
M4	PRF1	NUDT15
M4	PRF1	ABCG4
M4	PRF1	TMEM127
M4	PRF1	CYP2S1
M4	PRF1	HIST1H2BK
M4	PRF1	COBL
M4	PRF1	PAGR1
M4	PRF1	HHATL
M4	PRF1	GOT1L1
M4	PRF1	CCND2
M4	PRF1	HEG1
M4	PRF1	SLC39A10
M4	PRF1	CBX4
M4	PRF1	HGS
M4	PRF1	PF4
M4	PRF1	RPL5
M4	PRF1	DERL1
M4	PRF1	ZBTB41
M4	PRF1	SPA17
M4	PRF1	MED7
M4	PRF1	WDR20
M4	PRF1	LECT2
M4	PRF1	LDB3
M4	PRF1	RHOBTB3
M4	PRF1	MATN1
M4	PRF1	FAM126B
M4	PRF1	ANKRD39
M4	PRF1	CSH1
M4	PRF1	CARNS1
M4	PRF1	RNF213
M4	PRF1	EXOSC10
M4	PRF1	FH
M4	PRF1	CCL8
M4	PRF1	LRRIQ1
M4	PRF1	CSTF1
M4	PRF1	OXSR1
M4	PRF1	SUSD2
M4	PRF1	SCFD2
M4	PRF1	PTCHD2
M4	PRF1	SERINC3
M4	PRF1	HDAC8
M4	PRF1	CREB5
M4	PRF1	ODF1
M4	PRF1	CMIP
M4	PRF1	RWDD2B
M4	PRF1	MCCC1
M4	PRF1	HECTD3
M4	PRF1	DCP1A
M4	PRF1	AP5B1
M4	PRF1	PRPF4
M4	PRF1	CAAP1
M4	PRF1	VMAC
M4	PRF1	ARHGDIB
M4	PRF1	ANAPC10
M4	PRF1	CLDN20
M4	PRF1	MTBP
M4	PRF1	ASIC1
M4	PRF1	MCTS1
M4	PRF1	RAB4A
M4	PRF1	PRAMEF16
M4	PRF1	CHAMP1
M4	PRF1	PXDNL
M4	PRF1	LRIF1
M4	PRF1	ZNF816
M4	PRF1	SERPINB10
M4	PRF1	SRP68
M4	PRF1	SERPINB9
M4	PRF1	TMEM225
M4	PRF1	HERPUD2
M4	PRF1	APOC2
M4	PRF1	TXNIP
M4	PRF1	NEU3
M4	PRF1	NUDC
M4	PRF1	PLD4
M4	PRF1	PASD1
M4	PRF1	PDCL
M4	PRF1	SCO2
M4	PRF1	CALY
M4	PRF1	LMTK3
M4	PRF1	PDCD5
M4	PRF1	ZBTB37
M4	PRF1	ARMC9
M4	PRF1	CDPF1
M4	PRF1	ST6GALNAC6
M4	PRF1	ADRBK2
M4	PRF1	ALDH2
M4	PRF1	STIP1
M4	PRF1	TBC1D17
M4	PRF1	RRM1
M4	PRF1	NR5A2
M4	PRF1	SLC25A51
M4	PRF1	BEX1
M4	PRF1	MED27
M4	PRF1	FAM122A
M4	PRF1	EIF5A
M4	PRF1	CDT1
M4	PRF1	ARFIP1
M4	PRF1	POLR2D
M4	PRF1	PI4K2A
M4	PRF1	ZPBP
M4	PRF1	CNGA1
M4	PRF1	ABCB10
M4	PRF1	IFT52
M4	PRF1	NDC80
M4	PRF1	GALR2
M4	PRF1	PAPSS1
M4	PRF1	TOR1A
M4	PRF1	FOPNL
M4	PRF1	PAPD7
M4	PRF1	UNC93B1
M4	PRF1	EBP
M4	PRF1	POLR3C
M4	PRF1	ISL1
M4	PRF1	RARS
M4	PRF1	DNAJC22
M4	PRF1	CD300LD
M4	PRF1	TMEM194A
M4	PRF1	DPY19L2
M4	PRF1	SERPINI2
M4	PRF1	THOC7
M4	PRF1	COX20
M4	PRF1	DNAJA4
M4	PRF1	CRHR1
M4	PRF1	USP10
M4	PRF1	SEMA5B
M4	PRF1	TLX1
M4	PRF1	SLC8A1
M4	PRF1	NPY5R
M4	PRF1	RWDD1
M4	PRF1	PRKCSH
M4	PRF1	ING2
M4	PRF1	CENPE
M4	PRF1	PRPF18
M4	PRF1	HLCS
M4	PRF1	C2orf50
M4	PRF1	KIF21B
M4	PRF1	GADL1
M4	PRF1	SLC2A4RG
M4	PRF1	KIAA1467
M4	PRF1	RCL1
M4	PRF1	ASB14
M4	PRF1	GIF
M4	PRF1	MTUS2
M4	PRF1	OPA1
M4	PRF1	FBXL16
M4	PRF1	RFC3
M4	PRF1	CTSS
M4	PRF1	MAP4K1
M4	PRF1	FAM47B
M4	PRF1	LRRC61
M4	PRF1	RAB3GAP1
M4	PRF1	BNIP3
M4	PRF1	SPRY1
M4	PRF1	SCARB2
M4	PRF1	ZDHHC8
M4	PRF1	SIGLEC7
M4	PRF1	FAR1
M4	PRF1	GLRA3
M4	PRF1	ARAP1
M4	PRF1	ALOX12
M4	PRF1	IL1RAPL1
M4	PRF1	ZNF467
M4	PRF1	VASN
M4	PRF1	MRPS11
M4	PRF1	SCT
M4	PRF1	RAB9A
M4	PRF1	COPG1
M4	PRF1	KCNIP4
M4	PRF1	KRT6C
M4	PRF1	EML1
M4	PRF1	OTOG
M4	PRF1	ZNF646
M4	PRF1	ZNF701
M4	PRF1	PLEKHJ1
M4	PRF1	ORC2
M4	PRF1	PCDHA5
M4	PRF1	FIS1
M4	PRF1	TUBB4A
M4	PRF1	PSMG1
M4	PRF1	PLA2G7
M4	PRF1	APOA1BP
M4	PRF1	ADD2
M4	PRF1	MARCH5
M4	PRF1	PPFIA2
M4	PRF1	GPR50
M4	PRF1	TTC37
M4	PRF1	ING3
M4	PRF1	SRR
M4	PRF1	CPSF7
M4	PRF1	PEX6
M4	PRF1	TRAF3
M4	PRF1	DTL
M4	PRF1	WNT16
M4	PRF1	SEMA3F
M4	PRF1	KREMEN2
M4	PRF1	FOXS1
M4	PRF1	MICA
M4	PRF1	EFCAB2
M4	PRF1	ARHGAP17
M4	PRF1	SELE
M4	PRF1	SLC2A6
M4	PRF1	EFNB1
M4	PRF1	LSM2
M4	PRF1	VSIG8
M4	PRF1	METTL20
M4	PRF1	LIFR
M4	PRF1	MRPS34
M4	PRF1	BMP4
M4	PRF1	PA2G4
M4	PRF1	SUMF1
M4	PRF1	KEAP1
M4	PRF1	PROS1
M4	PRF1	MRPL1
M4	PRF1	OSBPL2
M4	PRF1	HPGDS
M4	PRF1	PKDREJ
M4	PRF1	ZNF688
M4	PRF1	ZNF253
M4	PRF1	FCHSD2
M4	PRF1	SOX11
M4	PRF1	PSMA2
M4	PRF1	TRPC5
M4	PRF1	LDB1
M4	PRF1	UGT2B7
M4	PRF1	KTI12
M4	PRF1	KIF20B
M4	PRF1	SIRT2
M4	PRF1	TSC22D2
M4	PRF1	ELFN2
M4	PRF1	XIRP2
M4	PRF1	PPM1L
M4	PRF1	TRIM72
M4	PRF1	BLOC1S6
M4	PRF1	C9orf117
M4	PRF1	FAM136A
M4	PRF1	MOB4
M4	PRF1	SLC12A6
M4	PRF1	ASRGL1
M4	PRF1	RIC3
M4	PRF1	KLK15
M4	PRF1	UBE2F
M4	PRF1	IL17RD
M4	PRF1	ATM
M4	PRF1	STMN2
M4	PRF1	VPS72
M4	PRF1	ZNF324
M4	PRF1	USP16
M4	PRF1	CREBRF
M4	PRF1	DNAH14
M4	PRF1	IL17B
M4	PRF1	EPB41L4A
M4	PRF1	DRG2
M4	PRF1	ANKRD32
M4	PRF1	CXCL11
M4	PRF1	SLC7A4
M4	PRF1	SLC35G1
M4	PRF1	GLRX
M4	PRF1	GLS
M4	PRF1	TTPA
M4	PRF1	RPL11
M4	PRF1	DDT
M4	PRF1	RAB3D
M4	PRF1	CERS2
M4	PRF1	HSPBP1
M4	PRF1	CEND1
M4	PRF1	RAB40AL
M4	PRF1	SYDE2
M4	PRF1	NPAT
M4	PRF1	RPRD1A
M4	PRF1	PPP4R2
M4	PRF1	ACADSB
M4	PRF1	TOX4
M4	PRF1	NAA40
M4	PRF1	ZNF34
M4	PRF1	RAB8A
M4	PRF1	RBMX
M4	PRF1	EID2
M4	PRF1	ANKRD36C
M4	PRF1	CCL1
M4	PRF1	CRABP1
M4	PRF1	NOP14
M4	PRF1	WNT7A
M4	PRF1	CUTA
M4	PRF1	CA3
M4	PRF1	CDK5RAP3
M4	PRF1	ZNF197
M4	PRF1	MBNL1
M4	PRF1	PARP6
M4	PRF1	LMNB1
M4	PRF1	KDM1B
M4	PRF1	RAP1GDS1
M4	PRF1	WWOX
M4	PRF1	ATL2
M4	PRF1	ARHGAP21
M4	PRF1	SPRY4
M4	PRF1	NFX1
M4	PRF1	DNAJC7
M4	PRF1	TRERF1
M4	PRF1	LPL
M4	PRF1	BNC1
M4	PRF1	PPIA
M4	PRF1	ITGB4
M4	PRF1	VPS29
M4	PRF1	ADNP
M4	PRF1	WDR43
M4	PRF1	KIFC2
M4	PRF1	TCEAL4
M4	PRF1	FAM19A5
M4	PRF1	EPB41L2
M4	PRF1	CDH16
M4	PRF1	EPX
M4	PRF1	CRAT
M4	PRF1	USP53
M4	PRF1	KMT2E
M4	PRF1	RASL11B
M4	PRF1	FKBP6
M4	PRF1	GRIN2C
M4	PRF1	THAP3
M4	PRF1	RARG
M4	PRF1	CHKA
M4	PRF1	CDK11B
M4	PRF1	DCST1
M4	PRF1	BIRC7
M4	PRF1	MKI67IP
M4	PRF1	COQ6
M4	PRF1	EIF3G
M4	PRF1	UBE2D1
M4	PRF1	ANK3
M4	PRF1	MOB3A
M4	PRF1	TPM1
M4	PRF1	SLC2A3
M4	PRF1	GEMIN6
M4	PRF1	EIF3M
M4	PRF1	BAG3
M4	PRF1	CACTIN
M4	PRF1	CCDC13
M4	PRF1	KCNA4
M4	PRF1	LTB
M4	PRF1	RBM24
M4	PRF1	RELN
M4	PRF1	CACNA1F
M4	PRF1	ATP1A2
M4	PRF1	GUCY2F
M4	PRF1	GNAZ
M4	PRF1	NSMCE1
M4	PRF1	TLR5
M4	PRF1	MXD3
M4	PRF1	PLEKHH3
M4	PRF1	ORMDL2
M4	PRF1	IRGC
M4	PRF1	STX6
M4	PRF1	ATP6V1C1
M4	PRF1	LONRF1
M4	PRF1	PBX3
M4	PRF1	PSMC6
M4	PRF1	NAP1L2
M4	PRF1	NOTCH4
M4	PRF1	SMC5
M4	PRF1	USP20
M4	PRF1	MAGEB1
M4	PRF1	BMI1
M4	PRF1	CENPW
M4	PRF1	KRT18
M4	PRF1	TESC
M4	PRF1	TDRKH
M4	PRF1	TTYH1
M4	PRF1	DNTT
M4	PRF1	CHMP1A
M4	PRF1	TAX1BP1
M4	PRF1	SEC24B
M4	PRF1	ATP2B2
M4	PRF1	CASP4
M4	PRF1	NPTX1
M4	PRF1	SH3GLB2
M4	PRF1	CALML6
M4	PRF1	TNFSF13B
M4	PRF1	MID1
M4	PRF1	RMND5B
M4	PRF1	DGKD
M4	PRF1	POLR1B
M4	PRF1	PLXNB2
M4	PRF1	IGSF6
M4	PRF1	ANKAR
M4	PRF1	APLNR
M4	PRF1	TMX3
M4	PRF1	PKP4
M4	PRF1	ENTPD1
M4	PRF1	SERPINB2
M4	PRF1	NACAD
M4	PRF1	CYP27A1
M4	PRF1	IMMT
M4	PRF1	STOX2
M4	PRF1	GATA3
M4	PRF1	ZNF790
M4	PRF1	GDPD5
M4	PRF1	RAX2
M4	PRF1	SSTR3
M4	PRF1	TCEA2
M4	PRF1	HIST1H4H
M4	PRF1	NLRP12
M4	PRF1	AAK1
M4	PRF1	LRCH2
M4	PRF1	PHF17
M4	PRF1	LIME1
M4	PRF1	TRIM23
M4	PRF1	MRPL11
M4	PRF1	CRTAP
M4	PRF1	AKR1C1
M4	PRF1	GPR183
M4	PRF1	NHLH2
M4	PRF1	AMOT
M4	PRF1	SP1
M4	PRF1	LMLN
M4	PRF1	NPR3
M4	PRF1	TM9SF4
M4	PRF1	ATP2B3
M4	PRF1	FOSL2
M4	PRF1	KLHL2
M4	PRF1	LRP6
M4	PRF1	TOMM40L
M4	PRF1	FLOT2
M4	PRF1	GP1BA
M4	PRF1	CGN
M4	PRF1	SLC25A13
M4	PRF1	SNRPB
M4	PRF1	FMNL3
M4	PRF1	CYP4F2
M4	PRF1	GTF2A1
M4	PRF1	LRRN1
M4	PRF1	MANEA
M4	PRF1	RLTPR
M4	PRF1	SYT4
M4	PRF1	CENPT
M4	PRF1	CD101
M4	PRF1	EGFL8
M4	PRF1	HMX3
M4	PRF1	MASP1
M4	PRF1	PHF12
M4	PRF1	TPGS1
M4	PRF1	UCK2
M4	PRF1	C2CD2L
M4	PRF1	KIAA1549L
M4	PRF1	ZFAND2B
M4	PRF1	GPATCH4
M4	PRF1	CILP
M4	PRF1	PIP5K1C
M4	PRF1	PLEKHA7
M4	PRF1	NUDT16L1
M4	PRF1	ATP2C2
M4	PRF1	IDI1
M4	PRF1	MPO
M4	PRF1	ELAC2
M4	PRF1	KIAA0368
M4	PRF1	OSBPL3
M4	PRF1	ZBTB8A
M4	PRF1	GNAO1
M4	PRF1	AFAP1L1
M4	PRF1	SLC37A2
M4	PRF1	PFKM
M4	PRF1	LMAN1
M4	PRF1	MAP3K11
M4	PRF1	MATR3
M4	PRF1	SH3KBP1
M4	PRF1	PARP14
M4	PRF1	EZH1
M4	PRF1	ZHX2
M4	PRF1	ACTA2
M4	PRF1	KCNG4
M4	PRF1	CRP
M4	PRF1	GK5
M4	PRF1	RPS27A
M4	PRF1	PPP6R3
M4	PRF1	SDC1
M4	PRF1	CAV1
M4	PRF1	ITGA1
M4	PRF1	CPED1
M4	PRF1	NTSR1
M4	PRF1	INO80B
M4	PRF1	PAPPA
M4	PRF1	GIMAP2
M4	PRF1	TOP2B
M4	PRF1	ARAF
M4	PRF1	ZBTB2
M4	PRF1	PGC
M4	PRF1	SUDS3
M4	PRF1	GGA1
M4	PRF1	ADH1A
M4	PRF1	RAB18
M4	PRF1	SCEL
M4	PRF1	PCDHB10
M4	PRF1	TCF25
M4	PRF1	C3AR1
M4	VPS28	BMX
M4	VPS28	P2RY12
M4	MPPED1	HP
M4	MPPED1	SPP1
M4	MPPED1	PTGS2
M4	MPPED1	S100A3
M4	MPPED1	BHMT2
M4	MPPED1	FOS
M4	CHCHD4	EGR1
M4	PTP4A1	DOK2
M4	PTP4A1	PAX3
M4	PTP4A1	CXCL10
M4	PTP4A1	HAMP
M4	PTP4A1	COL14A1
M4	PTP4A1	CD14
M4	PTP4A1	PCSK1
M4	PTP4A1	HP
M4	PTP4A1	BMX
M4	PTP4A1	PPBP
M4	PTP4A1	ABCA13
M4	PTP4A1	SHOX2
M4	PTP4A1	CALCR
M4	PTP4A1	IL1RN
M4	PTP4A1	IL7R
M4	PTP4A1	SPP1
M4	PTP4A1	PTGS2
M4	PTP4A1	CX3CR1
M4	PTP4A1	AQP9
M4	PTP4A1	TREM1
M4	PTP4A1	LTF
M4	PTP4A1	SIGLEC1
M4	PTP4A1	RNASE2
M4	PTP4A1	HLA-DQB2
M4	PTP4A1	CXCL2
M4	PTP4A1	ANKRD22
M4	PTP4A1	EGR1
M4	PTP4A1	ST6GALNAC2
M4	PTP4A1	S100A3
M4	PTP4A1	P2RY12
M4	PTP4A1	UBD
M4	PTP4A1	INMT
M4	PTP4A1	SNX20
M4	PTP4A1	VSIG4
M4	PTP4A1	CLEC5A
M4	PTP4A1	EOMES
M4	PTP4A1	HLA-DQA2
M4	PTP4A1	BHMT2
M4	PTP4A1	FOS
M4	PTP4A1	HBB
M4	PTP4A1	TSTD1
M4	PTP4A1	CYP1B1
M4	PTP4A1	DKK2
M4	PTP4A1	HBG1
M4	PTP4A1	MSLN
M4	PTP4A1	PLAC8
M4	PTP4A1	CHI3L2
M4	PTP4A1	LRRN4CL
M4	TAPBP	SNX20
M4	TAPBP	BHMT2
M4	PAWR	CD14
M4	NLRC5	CD14
M4	NLRC5	CALCR
M4	DOK3	CD14
M4	DOK3	ST6GALNAC2
M4	IRX4	CD14
M4	RPN2	CD14
M4	PPP2R5E	CXCL2
M4	DOK2	SLBP
M4	DOK2	LRRC23
M4	DOK2	KAT2B
M4	DOK2	TPST1
M4	DOK2	SV2C
M4	DOK2	ZNF430
M4	DOK2	DHX36
M4	DOK2	AGTR1
M4	DOK2	LPAR1
M4	DOK2	CTAGE1
M4	DOK2	KRT36
M4	DOK2	KCTD1
M4	DOK2	RTN4IP1
M4	DOK2	ACTN1
M4	DOK2	DEFA5
M4	DOK2	GINS4
M4	DOK2	MFN2
M4	DOK2	C10orf90
M4	DOK2	OXSR1
M4	DOK2	SUSD2
M4	DOK2	MID1IP1
M4	DOK2	ZC2HC1A
M4	DOK2	TMSB4Y
M4	ITIH2	ERBB3
M4	ITIH2	HIST2H2AA4
M4	ITIH2	DSN1
M4	ITIH2	TNS3
M4	ITIH2	HADHA
M4	ITIH2	SEMA3C
M4	PAX3	CENPJ
M4	PAX3	FBXO22
M4	PAX3	CENPB
M4	PAX3	PFKFB2
M4	PAX3	PPBP
M4	PAX3	TRIM50
M4	PAX3	SPOCK3
M4	PAX3	TRAPPC3
M4	PAX3	EIF3K
M4	PAX3	CAPNS1
M4	PAX3	CD99
M4	PAX3	MED6
M4	PAX3	AZI2
M4	PAX3	CCNG2
M4	PAX3	NGLY1
M4	PAX3	NKX2-5
M4	TACSTD2	CFB
M4	DTNBP1	CFB
M4	KCNA3	AQP9
M4	S100A16	FOS
M4	SAPCD1	UBD
M4	TRIM34	HBB
M4	GYG2	BMX
M4	MYO10	BMX
M4	SLC1A1	CR1
M4	CCDC71	CD14
M4	PNPLA2	CD14
M4	PNPLA2	EGR1
M4	PTK2	FOS
M4	SH3YL1	INMT
M4	SH3YL1	HLA-DQA1
M4	CCNB2	SHOX2
M4	POU1F1	S100A3
M4	MMACHC	INMT
M4	PRKAB2	EGR2
M4	PRKAB2	EGR1
M4	PRKAB2	HLA-DQA2
M4	SIPA1L3	EGR1
M4	ANXA6	CALCR
M4	UBR5	CALCR
M4	SART3	CALCR
M4	ZNF443	LTF
M4	UBOX5	CALCR
M4	HIST2H2AC	CALCR
M4	IMP3	CFB
M4	LAMB1	LTF
M4	KLF6	CALCR
M4	IKBKAP	LTF
M4	FBN1	EGR1
M4	RGL2	CFB
M4	TIAM1	CALCR
M4	MCFD2	ABCA13
M4	NANOG	S100A9
M4	HIST1H3H	S100A9
M4	EVC2	S100A9
M4	MYO16	EGR1
M4	MYO16	S100A3
M4	MYO16	VSIG4
M4	MYO16	BHMT2
M4	NEIL1	EGR1
M4	NEIL1	DKK2
M4	BHLHB9	EGR1
M4	BHLHB9	VSIG4
M4	CSRP3	CD14
M4	CSRP3	CXCL2
M4	CSRP3	EGR1
M4	CSRP3	VSIG4
M4	CSRP3	DKK2
M4	CSRP3	HBG1
M4	CTBS	EGR1
M4	RAB5B	ABCA13
M4	RAB5B	CALCR
M4	RAB5B	CXCL2
M4	RAB5B	EGR1
M4	RAB5B	VSIG4
M4	S100A9	CBLL1
M4	S100A9	NDUFA11
M4	S100A9	ATG7
M4	SCXA	NNMT
M4	CXCL10	HFE
M4	CXCL10	MCRS1
M4	CXCL10	PPP1R37
M4	CXCL10	CCDC24
M4	CXCL10	KLHL10
M4	CXCL10	NDUFA2
M4	PBRM1	AQP9
M4	CEP170B	AQP9
M4	HAMP	FOLR3
M4	HAMP	PGRMC1
M4	HAMP	ZFAND3
M4	C12orf44	HBA2
M4	ZNF496	SLPI
M4	PARP9	TREM1
M4	COG6	AQP9
M4	DSG1	ABCA13
M4	DSG1	TREM1
M4	ADIPOR2	NNMT
M4	COL14A1	LHX2
M4	COL14A1	LGR5
M4	COL14A1	TRIM63
M4	COL14A1	CRIPT
M4	COL14A1	LPA
M4	COL14A1	ANKRD44
M4	COL14A1	DCAF11
M4	COL14A1	CENPN
M4	GZMB	AQP9
M4	PTBP1	AQP9
M4	LIN28A	AQP9
M4	IL4	LTF
M4	MIEF2	AQP9
M4	JUND	C7
M4	JUND	AQP9
M4	ANGPT1	CFB
M4	RAB32	OASL
M4	REV3L	AQP9
M4	MUSTN1	AQP9
M4	MUSTN1	GPNMB
M4	SYNM	AQP9
M4	RIC8A	SLPI
M4	RIC8A	AQP9
M4	RIC8A	TREM1
M4	CSPG4	EGR1
M4	CD14	RPL3
M4	CD14	CIT
M4	CD14	MYOZ1
M4	CD14	CRYAA
M4	CD14	PRDX1
M4	CD14	KRT6B
M4	CD14	CD8B
M4	CD14	C6
M4	CD14	TCL1A
M4	CD14	LPCAT1
M4	CD14	NECAB3
M4	CD14	CEP290
M4	CD14	FGF9
M4	CD14	CHPF
M4	CD14	SHMT2
M4	CD14	DCTN4
M4	CD14	EPHA4
M4	CD14	PTPN7
M4	CD14	HES5
M4	CD14	IRF3
M4	CD14	TRIM3
M4	CD14	WDR77
M4	CD14	ARHGAP23
M4	CD14	A1CF
M4	CD14	CSTF3
M4	CD14	FBXO2
M4	CD14	CEACAM1
M4	CD14	C5
M4	CD14	CYP2C19
M4	NPTN	CXCL2
M4	AGO2	CXCL2
M4	HERC1	HP
M4	PTGDR2	C7
M4	RNF14	VSIG4
M4	REN	HP
M4	GAS1	EOMES
M4	WDR36	VSIG4
M4	STK39	HP
M4	BCL6B	HP
M4	CEACAM6	HP
M4	KIF3B	HP
M4	YIPF4	VSIG4
M4	HMGCR	INMT
M4	SIN3A	C7
M4	ALAS2	RPL35A
M4	ALAS2	GLI3
M4	ALAS2	SNTG1
M4	ALAS2	TAL1
M4	ALAS2	CGNL1
M4	ALAS2	MSX2
M4	ALAS2	TPPP3
M4	ALAS2	SERINC3
M4	ALAS2	HMBOX1
M4	ALAS2	FBXL6
M4	ALAS2	ODF1
M4	ALAS2	COX16
M4	ARPC1B	ST6GALNAC2
M4	MBP	VSIG4
M4	SOX6	HP
M4	SOX6	SPP1
M4	UTY	HP
M4	CSTA	BHMT2
M4	CEP76	VSIG4
M4	ANKS1B	OASL
M4	SLPI	NMT2
M4	SLPI	SPEF1
M4	TUFT1	CALCR
M4	AGO1	PLAC8
M4	RGS7	PLAC8
M4	CTR9	OASL
M4	BROX	PLAC8
M4	ABL1	OASL
M4	ULK2	CALCR
M4	SCHIP1	BMX
M4	GABARAPL1	HLA-DQA2
M4	SESN2	HLA-DQA2
M4	CHD7	HLA-DQA2
M4	IRS1	HLA-DQA2
M4	CTSA	HLA-DQA2
M4	RFFL	ST6GALNAC2
M4	PTS	HLA-DQA2
M4	UGCG	HLA-DQA2
M4	LARP1	HLA-DQA2
M4	KCNK17	S100A3
M4	PI4KB	HLA-DQA2
M4	TTF1	HLA-DQA2
M4	CAMK2B	CR1
M4	CAMK2B	HLA-DQA2
M4	DPYSL3	P2RY12
M4	WFDC5	SPP1
M4	KDM5A	SPP1
M4	PIGC	HLA-DQA2
M4	NAPEPLD	PLAC8
M4	SNAPC4	RNASE2
M4	EEF1B2	SPP1
M4	EEF1B2	ST6GALNAC2
M4	NCK1	HBA2
M4	NCK1	EGR1
M4	CRYAA	EGR1
M4	CRYAA	ST6GALNAC2
M4	LSAMP	IL7R
M4	LSAMP	CX3CR1
M4	TESK2	EGR1
M4	TESK2	S100A3
M4	RFXAP	ABCA13
M4	UBE2L6	LTF
M4	CNTFR	EGR1
M4	FLT1	CDKN2B
M4	USP33	CFB
M4	USP33	ACP5
M4	HOXA10	SPP1
M4	RAB13	HP
M4	TBC1D16	S100A3
M4	TEP1	SNX20
M4	PPL	SNX20
M4	PPL	BHMT2
M4	CCR4	BMX
M4	CCR4	HLA-DQB2
M4	APBB1IP	RNASE2
M4	CASP8	ABCA13
M4	CASP8	CXCL2
M4	NMT2	EGR1
M4	PLA2G4A	LTF
M4	COMMD8	LTF
M4	CTSG	HP
M4	CTSG	S100A3
M4	ITPR1	ST6GALNAC2
M4	NOLC1	OASL
M4	NOLC1	ST6GALNAC2
M4	THRAP3	P2RY12
M4	H3F3A	OASL
M4	TRHDE	ABCA13
M4	MAST1	ABCA13
M4	THEG	ST6GALNAC2
M4	FBXO22	S100A3
M4	FBXO22	P2RY12
M4	GRIN2A	ST6GALNAC2
M4	GTF3A	EGR2
M4	GTF3A	ST6GALNAC2
M4	CHD6	ST6GALNAC2
M4	CBLL1	ST6GALNAC2
M4	CBLL1	P2RY12
M4	RPL35A	PPBP
M4	EEF1D	HBA2
M4	RBM10	SPP1
M4	RBM10	ST6GALNAC2
M4	AGXT	ST6GALNAC2
M4	HINT1	ST6GALNAC2
M4	PTBP2	ST6GALNAC2
M4	SH3BP2	NNMT
M4	SH3BP2	ST6GALNAC2
M4	ZNF335	ST6GALNAC2
M4	UBE2Q2	ST6GALNAC2
M4	C5AR1	ST6GALNAC2
M4	CIR1	ST6GALNAC2
M4	PRKRA	ST6GALNAC2
M4	MRPL49	ST6GALNAC2
M4	MPZ	ST6GALNAC2
M4	MPZ	SNX20
M4	AQP3	ST6GALNAC2
M4	ADRB1	ST6GALNAC2
M4	CD8B	ST6GALNAC2
M4	PEG10	ST6GALNAC2
M4	AIPL1	ST6GALNAC2
M4	NT5E	ST6GALNAC2
M4	CD36	ST6GALNAC2
M4	SLC17A1	TREM1
M4	SLC17A1	ST6GALNAC2
M4	POLD3	ST6GALNAC2
M4	NKRF	ST6GALNAC2
M4	WBP5	ST6GALNAC2
M4	MAGEA2B	ST6GALNAC2
M4	KLHL1	ABCA13
M4	KLHL1	ST6GALNAC2
M4	STAT2	ST6GALNAC2
M4	NEDD9	ST6GALNAC2
M4	MOB3B	ST6GALNAC2
M4	MYO18B	ST6GALNAC2
M4	PTN	OASL
M4	PTN	ST6GALNAC2
M4	PTN	S100A3
M4	KHDRBS2	ST6GALNAC2
M4	POLE3	ST6GALNAC2
M4	ALCAM	ST6GALNAC2
M4	ALCAM	S100A3
M4	USP22	EGR2
M4	USP22	ST6GALNAC2
M4	DCUN1D3	ST6GALNAC2
M4	ATP1A3	ST6GALNAC2
M4	TAS1R2	ST6GALNAC2
M4	FAM71F1	ST6GALNAC2
M4	CLDN7	OLR1
M4	CLDN7	ST6GALNAC2
M4	MYBL2	ST6GALNAC2
M4	C6	ST6GALNAC2
M4	PDE6G	ST6GALNAC2
M4	PDE6G	S100A3
M4	TRO	SPP1
M4	TRO	ST6GALNAC2
M4	TRO	TSTD1
M4	FBLIM1	ST6GALNAC2
M4	IMPDH2	C7
M4	IMPDH2	ST6GALNAC2
M4	IMPDH2	INMT
M4	MST1R	ST6GALNAC2
M4	ZNF264	ST6GALNAC2
M4	THAP11	ST6GALNAC2
M4	FGF8	ST6GALNAC2
M4	FGF8	INMT
M4	SUFU	HP
M4	SUFU	S100A3
M4	ANKRD27	CALCR
M4	PCSK1	FOLR3
M4	PCSK1	TPM3
M4	PCSK1	AVL9
M4	DCAF7	TSTD1
M4	SIX1	TSTD1
M4	PXN	INMT
M4	DOCK1	INMT
M4	NRAP	INMT
M4	RMDN3	INMT
M4	MYO5A	INMT
M4	CCNDBP1	INMT
M4	HUWE1	ST14
M4	CFB	TMEM107
M4	CFB	APOBEC3G
M4	CFB	FARSB
M4	CFB	FOLR3
M4	CFB	CAMK2N1
M4	CFB	SCAF11
M4	CFB	SALL4
M4	CFB	NAA15
M4	CFB	TMA16
M4	S100A13	OASL
M4	S100A13	EGR1
M4	S100A13	S100A3
M4	ANTXR2	SHOX2
M4	RFWD2	EGR1
M4	CACNA1B	EGR1
M4	MAPRE3	S100A3
M4	GPR12	EGR1
M4	GRM7	VSIG4
M4	PPP1R3E	INMT
M4	XPO1	EGR1
M4	HOXD8	INMT
M4	ENO2	EGR1
M4	RAPGEF6	CYP1B1
M4	GZMM	EGR1
M4	GZMM	VSIG4
M4	UBE2R2	VSIG4
M4	BTBD3	VSIG4
M4	GMFB	EGR1
M4	ADAM19	INMT
M4	FCHSD1	EGR1
M4	ZNF2	EGR1
M4	ZNF2	VSIG4
M4	NXF1	CYP1B1
M4	SLBP	PPBP
M4	RSL1D1	C7
M4	AGRN	EGR1
M4	HFE	NNMT
M4	HFE	S100A3
M4	HP	FOLR3
M4	HP	HSDL2
M4	HP	SLC39A3
M4	HP	CLK2
M4	HP	MED8
M4	HP	TBC1D9B
M4	HP	ITPKA
M4	HP	CMKLR1
M4	HP	PGGT1B
M4	HP	EEFSEC
M4	HP	GIMAP4
M4	TWISTNB	EOMES
M4	ATP6V1H	SNX20
M4	DCAF17	S100A3
M4	DCAF17	VSIG4
M4	KLHDC2	SIGLEC14
M4	BBC3	FCGBP
M4	BMX	CDCA4
M4	BMX	C16orf70
M4	BMX	TNIK
M4	BMX	IPO5
M4	COPZ1	AQP9
M4	FEZ2	AQP9
M4	HDAC5	AQP9
M4	KRAS	AQP9
M4	PSENEN	SPP1
M4	A1BG	GPNMB
M4	TTC3	SHOX2
M4	SPOCK2	IL1RN
M4	IGFBP1	SNX20
M4	PAOX	IL1RN
M4	HTR2A	SNX20
M4	TAZ	SNX20
M4	SNAI3	SNX20
M4	CACYBP	SNX20
M4	C1QA	SNX20
M4	CNEP1R1	IL1RN
M4	EPN2	SNX20
M4	ADORA2A	SNX20
M4	PPP2R5D	CXCL2
M4	SGOL2	EGR3
M4	PPBP	RPL21
M4	BCAR3	EGR1
M4	BCAR3	VSIG4
M4	RNF39	NNMT
M4	RNF39	S100A3
M4	TIMP2	S100A3
M4	MRPS10	CXCL2
M4	MRPS10	CYP1B1
M4	FBXO4	CYP1B1
M4	EGR2	GLI3
M4	EGR2	EFHC1
M4	EGR2	KRT17
M4	EGR2	KCTD20
M4	EGR2	MAPK15
M4	EGR2	HECTD1
M4	EGR2	PRDM2
M4	EGR2	SULT1E1
M4	EGR2	BMP2
M4	EGR2	ESRRA
M4	EGR2	AIM2
M4	EGR2	USP41
M4	C7	SETD8
M4	C7	TJP3
M4	C7	RAD18
M4	C7	PSCA
M4	C7	RRAGC
M4	C7	POTEF
M4	TRMT11	SNX20
M4	FOLR3	OASL
M4	FOLR3	SNX20
M4	FOLR3	VSIG4
M4	FOLR3	EOMES
M4	FOLR3	DKK2
M4	FOLR3	ACP5
M4	FOLR3	HLA-DQA1
M4	HBA2	IVNS1ABP
M4	HBA2	PLXNB1
M4	HBA2	RAB40C
M4	HBA2	DHFR
M4	HBA2	FBXO34
M4	HBA2	CHMP1B
M4	HBA2	DCP2
M4	HBA2	SAFB
M4	HBA2	CCR5
M4	HBA2	CD1D
M4	HBA2	ZNF259
M4	HBA2	SEMG1
M4	HBA2	TIPIN
M4	HBA2	SLC31A1
M4	HBA2	ADAP1
M4	HBA2	RCC1
M4	HBA2	CA4
M4	HBA2	EIF4ENIF1
M4	HBA2	BHLHA15
M4	VDAC1	SPP1
M4	DUSP10	SPP1
M4	PDE4A	SPP1
M4	DET1	SPP1
M4	PPP2R3B	SPP1
M4	SLA	SPP1
M4	HSPA2	S100A3
M4	DGCR14	EGR1
M4	DGCR14	S100A3
M4	DGCR14	P2RY12
M4	DGCR14	HLA-DQA2
M4	IL1RAP	HLA-DQB2
M4	IL1RAP	BHMT2
M4	TSGA10	BHMT2
M4	ARL13A	BHMT2
M4	KIF15	RNASE2
M4	ST14	STK17B
M4	BAIAP2L1	EGR1
M4	BAIAP2L1	P2RY12
M4	SEMG1	OLR1
M4	RIMS4	CALCR
M4	RIMS4	PTGS2
M4	RIMS4	CX3CR1
M4	RIMS4	S100A3
M4	C19orf25	EGR1
M4	C19orf25	ST6GALNAC2
M4	C19orf25	DKK2
M4	C19orf25	GPNMB
M4	ABCA13	RSPO2
M4	ABCA13	MAGEE1
M4	ABCA13	ZMYM2
M4	ABCA13	FGF9
M4	ABCA13	SEC22A
M4	ABCA13	FBLN2
M4	ABCA13	RILP
M4	ABCA13	AHCY
M4	ABCA13	AVPR1A
M4	ABCA13	GTF2F1
M4	ABCA13	GRIN3A
M4	ABCA13	SCMH1
M4	ABCA13	HES5
M4	ABCA13	GABRA4
M4	ABCA13	MRPL18
M4	ABCA13	FZD8
M4	ABCA13	CDH4
M4	ABCA13	LRP2BP
M4	ABCA13	HIST1H3B
M4	ABCA13	OLIG3
M4	ABCA13	NRXN1
M4	ABCA13	CSTF3
M4	ABCA13	CHTF8
M4	SHOX2	SYNJ2BP
M4	SHOX2	POLR2J
M4	SHOX2	CFC1
M4	CALCR	WDR77
M4	CALCR	CACNA1C
M4	CALCR	FNBP4
M4	ACAT1	FCGBP
M4	UBAP2L	OLR1
M4	SLC6A4	OLR1
M4	ACTBL2	FCGBP
M4	PIGA	CX3CR1
M4	CHMP3	HBB
M4	PPP1R37	ST6GALNAC2
M4	CCT8	CD69
M4	PLCB2	NNMT
M4	GSTK1	NNMT
M4	PARD6G	NNMT
M4	STMN4	NNMT
M4	TRIM40	NNMT
M4	LONP2	NNMT
M4	TRIM63	NNMT
M4	NPW	CX3CR1
M4	NPW	OLR1
M4	CACNG4	NNMT
M4	DYRK2	OLR1
M4	DYRK2	NNMT
M4	IL1RN	KIF14
M4	IL1RN	NUP54
M4	IL1RN	GNA15
M4	S1PR3	NNMT
M4	MINK1	ST6GALNAC2
M4	PHF8	EGR3
M4	DR1	NNMT
M4	GTF2B	NNMT
M4	RBPJ	ST6GALNAC2
M4	ZFR	NNMT
M4	PAFAH1B2	NNMT
M4	CRIPT	NNMT
M4	ESRRG	MSLN
M4	TFIP11	AQP9
M4	RELA	OASL
M4	RELA	S100A3
M4	FLT4	P2RY12
M4	IL7R	NFYB
M4	SPP1	GOLGA2
M4	DCBLD2	NNMT
M4	CREG1	AQP9
M4	PTGS2	BATF2
M4	PTGS2	GABRA6
M4	CDKN2B	GDF2
M4	CDKN2B	GRB10
M4	WWC1	TREM1
M4	MARCH8	OLR1
M4	BMPR2	HBG2
M4	UQCRC1	TSTD1
M4	PCM1	FOS
M4	RIPK1	CX3CR1
M4	DDX3X	TSTD1
M4	CX3CR1	TRIO
M4	CX3CR1	GUSB
M4	CX3CR1	SEMA3E
M4	CX3CR1	FAM213A
M4	PLAU	OASL
M4	BACH2	S100A3
M4	TFAM	OASL
M4	PNN	CXCL2
M4	DCAF12	DKK2
M4	ZFPM2	TSTD1
M4	MPL	TSTD1
M4	HIST1H4A	HLA-DQA1
M4	SLN	TSTD1
M4	SDC4	S100A3
M4	HMGB2	TSTD1
M4	SRA1	S100A3
M4	GTF2F1	OASL
M4	CFHR3	TSTD1
M4	TAAR1	TREM1
M4	DCAF13	HBG1
M4	PECR	TSTD1
M4	BASP1	S100A3
M4	HPCAL4	TSTD1
M4	GABRA4	S100A3
M4	GABRA4	TSTD1
M4	LY6G6F	OASL
M4	MT1G	TSTD1
M4	WDR77	S100A3
M4	EXOC6	S100A3
M4	RPL26	TREM1
M4	LRP2BP	TSTD1
M4	SRP54	OASL
M4	ZSWIM7	TSTD1
M4	FTCD	S100A3
M4	EXOSC6	S100A3
M4	CNTN1	TREM1
M4	POLR3H	S100A3
M4	NHS	S100A3
M4	TBL1XR1	TSTD1
M4	TGS1	TREM1
M4	MRPS25	OASL
M4	DSCC1	S100A3
M4	USP49	S100A3
M4	LYL1	OASL
M4	LYL1	S100A3
M4	HIST1H2AM	DKK2
M4	RPA4	VSIG4
M4	HDAC10	S100A3
M4	PAX2	TSTD1
M4	AKAP13	VSIG4
M4	WDR12	S100A3
M4	C6orf15	UBD
M4	CCDC42	S100A3
M4	TAF3	UBD
M4	ATRIP	TSTD1
M4	HIPK3	BHMT2
M4	RND2	EGR3
M4	HSH2D	OLR1
M4	C19orf57	OLR1
M4	MKNK2	NNMT
M4	SSR2	OASL
M4	KIT	EOMES
M4	RPS12	P2RY12
M4	TFAP2A	P2RY12
M4	GRHL2	P2RY12
M4	KCNV2	P2RY12
M4	HMGN2	NNMT
